ཡིག་ཆ།,"BDRC
Work",,,,,རྩ་བ།,"BDRC
Work",,,,,,,,,,,,,,,,
Pecha Upload List,,,,對讀上傳Pecha工作分配及流程,S.O.P. of Upload file to Pecha,,,,,,,,,,,,,,,,,,
Kumarajive No.,,Data Preparation,Tibetan/Chineses Sutra Name (Short),Tibetan/Chiness Sutra Name (Long),English Sutra Name,Commentary of (Toh number),,Category,Author (Tibetan/Chinese),Author (English),"""Source: URL or site name ",Bo/Zh/Modern ZH,Document link,Pecha no., Pecha Status,Alignment File,Alingment Status,todo KV,todo Drupchen,remark GZ,same segmentation,segmentation of simplified Chinese translation,陳/黃chen & huang remarks
圓滿法藏編號,,文本準備負責人,藏/中經名（短）,藏/中經名（長）,英文經名,,,,作者（藏/繁）,作者（英文）,資料來源:網址或站名,文體(藏/繁/簡）,文檔連結,Pecha 序號,處理階段,對讀檔案料夾,對讀階段,,,,,,
,,,對讀項目_尚待Parsing_Gold Standard,,,,,,,,,,,,,,,,,,,,
toh4054-tai1606-1,WA0RT3393-1,,མངོན་པ་ཆོས་ཀུན་ནས་བཏུས་པའི་རྣམ་པར་བཤད་པ་ཞེས་བྱ་བ།,མངོན་པ་ཆོས་ཀུན་ནས་བཏུས་པའི་རྣམ་པར་བཤད་པ་ཞེས་བྱ་བ།,Commentary on the Compendium of Abhidharma,toh4054,WA0RT3393-1,4.1. 唯識宗阿毗達磨釋論,རྒྱལ་བའི་་སྲས་,Jinaputra/Buddhasiṃha/Anhui,Esukhia,Bo,https://docs.google.com/document/d/1eDxUS-fXPDHdHi_JwhVHwnu_QvaXkkYVbB07oUAjmzQ/edit?usp=drive_link,,Pased,,Alignment Checking,,,,,,
,,裕隆,阿毘達磨雜集論,阿毘達磨雜集論 ,,toh4054,,4.1. 唯識宗阿毗達磨釋論,最勝子/師子覺，安慧糅,,CBETA,ZH,https://docs.google.com/document/d/1w2RuyGtDudJC6P2JHdPHuerrM-Gedl_sHP3hI0TbtmE/edit?usp=drive_link,,Pased,,Alignment Checking,,,,,,
toh4054-tai1606-2,WA0RT3393-2,,མངོན་པ་ཆོས་ཀུན་ནས་བཏུས་པའི་རྣམ་པར་བཤད་པ་ཞེས་བྱ་བ།,མངོན་པ་ཆོས་ཀུན་ནས་བཏུས་པའི་རྣམ་པར་བཤད་པ་ཞེས་བྱ་བ།,Commentary on the Compendium of Abhidharma,toh4054,WA0RT3393-2,4.1. 唯識宗阿毗達磨釋論,རྒྱལ་བའི་་སྲས་,Jinaputra/Buddhasiṃha/Anhui,Esukhia,Bo,https://docs.google.com/document/d/1pHs62uMiudUF6woA-F09zwsD0HKoeaf0DpLWIks-rMs/edit?usp=drive_link,,Pased,,Alignment Checking,,,,,,
,,裕隆,阿毘達磨雜集論,阿毘達磨雜集論,,toh4054,,4.1. 唯識宗阿毗達磨釋論,最勝子/師子覺，安慧糅,,CBETA,Zh,https://docs.google.com/document/d/1_JrPPWzxhikSp53OjjJQ_Y8sixzNvi3OeT4W7jlDE7s/edit?usp=drive_link,,Pased,,Alignment Checking,,,,,,
toh4054-tai1606-3,WA0RT3393-3,,མངོན་པ་ཆོས་ཀུན་ནས་བཏུས་པའི་རྣམ་པར་བཤད་པ་ཞེས་བྱ་བ།,མངོན་པ་ཆོས་ཀུན་ནས་བཏུས་པའི་རྣམ་པར་བཤད་པ་ཞེས་བྱ་བ།,Commentary on the Compendium of Abhidharma,toh4054,WA0RT3393-3,4.1. 唯識宗阿毗達磨釋論,རྒྱལ་བའི་་སྲས་,Jinaputra/Buddhasiṃha/Anhui,Esukhia,Bo,https://docs.google.com/document/d/11jrioYD4xd01gvPczHnDHuxp4Jco2PcRQ-w3cNsXb4E/edit?usp=drive_link,,Pased,,Alignment Checking,,,,,,
,,裕隆,阿毘達磨雜集論,阿毘達磨雜集論,,toh4054,,4.1. 唯識宗阿毗達磨釋論,最勝子/師子覺，安慧糅,,CBETA,ZH,https://docs.google.com/document/d/1tfWp9402CR_7CAKV2-OT8vZILZUqpBYp76Wdc6td6Eg/edit?usp=drive_link,,Pased,,Alignment Checking,,,,,,
toh4054-tai1606-4,WA0RT3393-4,,མངོན་པ་ཆོས་ཀུན་ནས་བཏུས་པའི་རྣམ་པར་བཤད་པ་ཞེས་བྱ་བ།,མངོན་པ་ཆོས་ཀུན་ནས་བཏུས་པའི་རྣམ་པར་བཤད་པ་ཞེས་བྱ་བ།,Commentary on the Compendium of Abhidharma,toh4054,WA0RT3393-4,4.1. 唯識宗阿毗達磨釋論,རྒྱལ་བའི་་སྲས་,Jinaputra/Buddhasiṃha/Anhui,Esukhia,Bo,https://docs.google.com/document/d/1RtNkE6tsS8JDdwkFypu1nqCbkZ2uc9dfvP91hHTxEVA/edit?usp=drive_link,,Pased,,Alignment Checking,,,,,,
,,裕隆,阿毘達磨雜集論,阿毘達磨雜集論,,toh4054,,4.1. 唯識宗阿毗達磨釋論,最勝子/師子覺，安慧糅,,CBETA,ZH,https://docs.google.com/document/d/1S3aZR-DRoqLaraQ4BP7zNYrkhXHfRhHkDO6IkfOx48k/edit?usp=drive_link,,Pased,,Alignment Checking,,,,,,
toh4054-tai1606-5,,,མངོན་པ་ཆོས་ཀུན་ནས་བཏུས་པའི་རྣམ་པར་བཤད་པ་ཞེས་བྱ་བ།,མངོན་པ་ཆོས་ཀུན་ནས་བཏུས་པའི་རྣམ་པར་བཤད་པ་ཞེས་བྱ་བ།,Commentary on the Compendium of Abhidharma,toh4054,WA0RT3393-5,4.1. 唯識宗阿毗達磨釋論,རྒྱལ་བའི་་སྲས་,Jinaputra/Buddhasiṃha/Anhui,Esukhia,Bo,https://docs.google.com/document/d/1KYbm3Os0xNvA-9LeMCdnBhqztx7-2-G2fVsXvey-HeM/edit?usp=drive_link,,Pased,,Alignment Checking,,,,,,
,,裕隆,阿毘達磨雜集論,阿毘達磨雜集論,,toh4054,,4.1. 唯識宗阿毗達磨釋論,最勝子/師子覺，安慧糅,,CBETA,ZH,https://docs.google.com/document/d/1YLu2MyBttJyylo5cn8lm8B-_Ux0eqmEP_tS3BYG0N8E/edit?usp=drive_link,,Pased,,Alignment Checking,,,,,,
,,,,,,,,,,,,,,,,,,,,,,,
toh4049-tai1605-1,,,ཆོས་མངོན་པ་ཀུན་ལས་བཏུས་པ་བཞུགས་སོ།,ཆོས་མངོན་པ་ཀུན་ལས་བཏུས་པ་བཞུགས་སོ།,The Compendium of Abhidharma,toh4049,WA0RT3388-1,4.1. 唯識宗阿毗達磨釋論,ཐོགས་མེད་,Asaṅga,Esukhia,Bo,https://docs.google.com/document/d/1SaJHkXTv36iWJxc8-Ygn-yZ9guEuv5NhvyhbO4CX4OI/edit?usp=drive_link,,Pased,,Alignment Checking,,,,,,
,,裕隆,大乘阿毘達磨集論,大乘阿毘達磨集論,,toh4049,,4.1. 唯識宗阿毗達磨釋論,無著,,CBETA,ZH,https://docs.google.com/document/d/1BYtN_7QbWO__nWs5NGNz7Vw4-XoUe7rkVrI9YYmNpCM/edit?usp=drive_link,,Pased,,Alignment Checking,,,,,,
toh4049-tai1605-2,,,ཆོས་མངོན་པ་ཀུན་ལས་བཏུས་པ་བཞུགས་སོ།,ཆོས་མངོན་པ་ཀུན་ལས་བཏུས་པ་བཞུགས་སོ།,The Compendium of Abhidharma,toh4049,WA0RT3393-2,4.1. 唯識宗阿毗達磨釋論,ཐོགས་མེད་,Asaṅga,Esukhia,Bo,https://docs.google.com/document/d/1xalAkrEVYOE6vdCyYyGIQniyys3QldJJZT37od9B-UE/edit?usp=drive_link,,Pased,,Alignment Checking,,,,,,
,,裕隆,大乘阿毘達磨集論,大乘阿毘達磨集論,,toh4049,,4.1. 唯識宗阿毗達磨釋論,無著,,CBETA,ZH,https://docs.google.com/document/d/1f0vsM5iIpqftgqpDZp3zK7GqbCeIA0oBE58gjfmpazs/edit?usp=drive_link,,Pased,,Alignment Checking,,,,,,
toh4049-tai1605-3,,,ཆོས་མངོན་པ་ཀུན་ལས་བཏུས་པ་བཞུགས་སོ།,ཆོས་མངོན་པ་ཀུན་ལས་བཏུས་པ་བཞུགས་སོ།,The Compendium of Abhidharma,toh4049,WA0RT3393-3,4.1. 唯識宗阿毗達磨釋論,ཐོགས་མེད་,Asaṅga,Esukhia,Bo,https://docs.google.com/document/d/1kq82AFyKpqbF_jT6SZselF4QpySnB-QILd6huYnQGgI/edit?usp=drive_link,,Pased,,Alignment Checking,,,,,,
,,裕隆,大乘阿毘達磨集論,,,toh4049,,4.1. 唯識宗阿毗達磨釋論,無著,,CBETA,ZH,https://docs.google.com/document/d/1vkuz6PIrQtvqUnutN7t6LzDnJNjTwChRMSzQeZgoXkI/edit?usp=drive_link,,Pased,,Alignment Checking,,,,,,
toh4049-tai1605-4,,,ཆོས་མངོན་པ་ཀུན་ལས་བཏུས་པ་བཞུགས་སོ།,ཆོས་མངོན་པ་ཀུན་ལས་བཏུས་པ་བཞུགས་སོ།,The Compendium of Abhidharma,toh4049,WA0RT3393-4,4.1. 唯識宗阿毗達磨釋論,ཐོགས་མེད་,Asaṅga,Esukhia,Bo,https://docs.google.com/document/d/1rnD_vDneK3diACnR6gZ6FYdNofRFaPqOVVAkFZ_20xU/edit?usp=drive_link,,Pased,,Alignment Checking,,,,,,
,,裕隆,大乘阿毘達磨集論,大乘阿毘達磨集論,,toh4049,,4.1. 唯識宗阿毗達磨釋論,無著,,CBETA,ZH,https://docs.google.com/document/d/1RmKWyJ7anfUsAZidbpRHGqDdgRL6zr0KBJFdCFB5u9c/edit?usp=drive_link,,Pased,,Alignment Checking,,,,,,
toh4049-tai1605-5,,,ཆོས་མངོན་པ་ཀུན་ལས་བཏུས་པ་བཞུགས་སོ།,ཆོས་མངོན་པ་ཀུན་ལས་བཏུས་པ་བཞུགས་སོ།,The Compendium of Abhidharma,toh4049,WA0RT3393-5,4.1. 唯識宗阿毗達磨釋論,ཐོགས་མེད་,Asaṅga,Esukhia,Bo,https://docs.google.com/document/d/1_Novumqo4AVrNxIt09VLOKbiS7pafwHmVokzsuWCWWI/edit?usp=drive_link,,Pased,,Alignment Checking,,,,,,
,,裕隆,大乘阿毘達磨集論,大乘阿毘達磨集論,,toh4049,,4.1. 唯識宗阿毗達磨釋論,無著,,CBETA,ZH,https://docs.google.com/document/d/1ahUzs3sPCj02l1uM804CTkh7mtymTO0kHOBnPlyn_F0/edit?usp=drive_link,,Pased,,Alignment Checking,,,,,,
,,,,,,,,,,,,,,,,,,,,,,,
Toh44a-Tai278,,,སངས་རྒྱས་ཕལ་པོ་ཆེ་ཞེས་བྱ་བ་ཤིན་ཏུ་རྒྱས་པ་ཆེན་པོའི་མདོ།,སངས་རྒྱས་ཕལ་པོ་ཆེ་ཞེས་བྱ་བ་ཤིན་ཏུ་རྒྱས་པ་ཆེན་པོའི་མདོ།,The Chapter on Pure Conduct of The Ornaments of All the Lords of the World,toh44,WA0RK0044,1. 經部,སངས་རྒྱས་བཅོམ་ལྡན་འདས།,Buddha Bhagavan,Esukhia,Bo,《大方廣佛華嚴經》〈淨行品〉  toh44a-tai278_bo,I83E829AF - སངས་རྒྱས་ཕལ་པོ་ཆེ་ཞེས་བྱ་བ་ཤིན་ཏུ་རྒྱས་པ་ཆེན་པོའི་མདོ།,fodian.org,,Ready,,,,,,
,,,《華嚴經》〈淨行品〉(佛馱跋陀羅譯),《大方廣佛華嚴經》〈淨行品〉(佛馱跋陀羅譯),,toh44,,1. 經部,佛世尊,,CBETA,ZH,《大方廣佛華嚴經》〈淨行品〉（佛馱跋陀羅譯）toh44a-tai278_zh,I5F8259F8 - 《華嚴經》〈淨行品〉(佛馱跋陀羅譯),fodian.org,,Ready,,,,,,
Toh44a-Tai279,,,སངས་རྒྱས་ཕལ་པོ་ཆེ་ཞེས་བྱ་བ་ཤིན་ཏུ་རྒྱས་པ་ཆེན་པོའི་མདོ།,སངས་རྒྱས་ཕལ་པོ་ཆེ་ཞེས་བྱ་བ་ཤིན་ཏུ་རྒྱས་པ་ཆེན་པོའི་མདོ།,The Chapter on Pure Conduct of The Ornaments of All the Lords of the World,toh44,WA0RK0044,1. 經部,སངས་རྒྱས་བཅོམ་ལྡན་འདས།,Buddha Bhagavan,Esukhia,Bo,《大方廣佛華嚴經》〈淨行品〉  toh44a-tai279_bo,I83E829AF - སངས་རྒྱས་ཕལ་པོ་ཆེ་ཞེས་བྱ་བ་ཤིན་ཏུ་རྒྱས་པ་ཆེན་པོའི་མདོ།,fodian.org,,Alignment Checking,,,,,,
,,,《華嚴經》〈淨行品〉(實叉難陀譯),《大方廣佛華嚴經》〈淨行品〉(實叉難陀譯),,toh44,,1. 經部,佛世尊,,CBETA,ZH,《大方廣佛華嚴經》〈淨行品〉（實叉難陀譯）toh44a-tai279_zh,IA7DF9C3E - 《華嚴經》〈淨行品〉(實叉難陀譯),fodian.org,,Alignment Checking,,,,,,
,,,,,,,,,,,,,,,,,,,,,,,
toh555-tai665 ,,,གསེར་འོད་དམ་པའི་མདོ།,འཕགས་པ་གསེར་འོད་དམ་པ་མཆོག་ཏུ་རྣམ་པར་རྒྱལ་བའི་མདོ་སྡེའི་རྒྱལ་པོ་ཐེག་པ་ཆེན་པོའི་མདོ།,The Sūtra of the Sublime Golden Light,toh555,WA0RK0550,1. 經部,སངས་རྒྱས་བཅོམ་ལྡན་འདས།,Buddha Bhagavan,Esukhia,Bo,《金光明最勝王經 》toh555-tai665_bo,ID9A34399 - གསེར་འོད་དམ་པའི་མདོ།,fodian.org,,Alignment Checking,,,,,,
,,,《金光明最勝王經 》,聖金光明最上勝經王大乘經,,toh555,,1. 經部,佛世尊,,CBETA,ZH,《金光明最勝王經 》toh555-tai665_zh,I36DFEF72 - 金光明最勝王經 ,fodian.org,,Alignment Checking,,,,,,
,,,,,,,,,,,,,,,,,,,,,,,
toh341-tai202 ,,,མཛངས་བླུན་ཞེས་བྱ་བའི་མདོ།,མཛངས་བླུན་ཞེས་བྱ་བའི་མདོ།,The Sutra of the Wise and the Foolish,toh341,WA0RK0341,1. 經部,སངས་རྒྱས་བཅོམ་ལྡན་འདས།,Buddha Bhagavan,བཀའ་འགྱུར།,Bo,《賢愚經》toh341-tai202_bo,I0C6865B3 - མཛངས་བླུན་ཞེས་བྱ་བའི་མདོ།,fodian.org,,Alignment Checking,,,,,,
https://online.adarshah.org/index.html?kdb=degekangyur&sutra=d341&page=74-129b&highlight=%E0%BD%98%E0%BD%9B%E0%BD%84%E0%BD%A6%E0%BC%8B%E0%BD%96%E0%BE%B3%E0%BD%B4%E0%BD%93%E0%BC%8B%E0%BD%9E%E0%BD%BA%E0%BD%A6%E0%BC%8B%E0%BD%96%E0%BE%B1%E0%BC%8B%E0%BD%96%E0%BD%A0%E0%BD%B2%E0%BC%8B%E0%BD%98%E0%BD%91%E0%BD%BC%E0%BC%8D,,,《賢愚經》,《賢愚經》,,toh341,,1. 經部,佛世尊,,CBETA,ZH,《賢愚經》toh341-tai202_zh,IFFCB5522 - 《賢愚經》,fodian.org,,Alignment Checking,,,,,,
,,,,,,,,,,,,,,,,,,,,,,,
" toh56to57-tai310(002,003,005,006,008)",,陳老師,འཕགས་པ་བྱང་ཆུབ་སེམས་དཔའི་སྡེ་སྣོད་ཅེས་བྱ་བ་ཐེག་པ་ཆེན་པོའི་མདོ། toh56to57-tai310-002,འཕགས་པ་བྱང་ཆུབ་སེམས་དཔའི་སྡེ་སྣོད་ཅེས་བྱ་བ་ཐེག་པ་ཆེན་པོའི་མདོ། toh56to57-tai310-002,"Heap of Jewels, Bodhisattva Canon Assembly - Xuanzang -toh56to57-tai310-002",toh56,WA0RK0056-2,1. 經部,སངས་རྒྱས་བཅོམ་ལྡན་འདས།,Buddha Bhagavan,Esukhia,Bo,《大寶積經》菩薩藏會-玄奘 toh56to57-tai310-002_bo,IB8AEE7EC - འཕགས་པ་བྱང་ཆུབ་སེམས་དཔའི་སྡེ་སྣོད་ཅེས་བྱ་བ་ཐེག་པ་ཆེན་པོའི་མདོ། toh56to57-tai310-002,fodian.org,,Alignment Checking,,,,,,
https://online.adarshah.org/index.html?kdb=jiangkangyur&sutra=J311&page=79-295a,,陳老師,《大寶積經》菩薩藏會-玄奘 toh56to57-tai310-002,《大寶積經》菩薩藏會-玄奘 toh56to57-tai310-002,,toh56,,1. 經部,佛世尊,,CBETA,ZH,《大寶積經》菩薩藏會-玄奘 toh56to57-tai310-002_zh,I416C55D0 - 《大寶積經》菩薩藏會-玄奘 toh56to57-tai310-002,fodian.org,,Alignment Checking,,,,,,
,,,འཕགས་པ་བྱང་ཆུབ་སེམས་དཔའི་སྡེ་སྣོད་ཅེས་བྱ་བ་ཐེག་པ་ཆེན་པོའི་མདོ། toh56to57-tai310-003,འཕགས་པ་བྱང་ཆུབ་སེམས་དཔའི་སྡེ་སྣོད་ཅེས་བྱ་བ་ཐེག་པ་ཆེན་པོའི་མདོ། toh56to57-tai310-003,"Heap of Jewels, Bodhisattva Canon Assembly - Xuanzang -toh56to57-tai310-003",toh56,WA0RK0056-3,1. 經部,སངས་རྒྱས་བཅོམ་ལྡན་འདས།,Buddha Bhagavan,Esukhia,Bo,《大寶積經》菩薩藏會-玄奘 toh56to57-tai310-003_bo,I77C8599C - འཕགས་པ་བྱང་ཆུབ་སེམས་དཔའི་སྡེ་སྣོད་ཅེས་བྱ་བ་ཐེག་པ་ཆེན་པོའི་མདོ། toh56to57-tai310-003,fodian.org,,Alignment Checking,,,,,,
,,,《大寶積經》菩薩藏會-玄奘 toh56to57-tai310-003,《大寶積經》菩薩藏會-玄奘 toh56to57-tai310-003,,toh56,,1. 經部,佛世尊,,CBETA,ZH,《大寶積經》菩薩藏會-玄奘 toh56to57-tai310-003_zh,I94E6F811 - 《大寶積經》菩薩藏會-玄奘 toh56to57-tai310-003,fodian.org,,Alignment Checking,,,,,,
,,,འཕགས་པ་བྱང་ཆུབ་སེམས་དཔའི་སྡེ་སྣོད་ཅེས་བྱ་བ་ཐེག་པ་ཆེན་པོའི་མདོ། toh56to57-tai310-005,འཕགས་པ་བྱང་ཆུབ་སེམས་དཔའི་སྡེ་སྣོད་ཅེས་བྱ་བ་ཐེག་པ་ཆེན་པོའི་མདོ། toh56to57-tai310-005,"Heap of Jewels, Bodhisattva Canon Assembly - Xuanzang -toh56to57-tai310-005",toh56,WA0RK0056-5,1. 經部,སངས་རྒྱས་བཅོམ་ལྡན་འདས།,Buddha Bhagavan,Esukhia,Bo,《大寶積經》菩薩藏會-玄奘 toh56to57-tai310-005_bo,I5F22508A - འཕགས་པ་བྱང་ཆུབ་སེམས་དཔའི་སྡེ་སྣོད་ཅེས་བྱ་བ་ཐེག་པ་ཆེན་པོའི་མདོ། toh56to57-tai310-005,fodian.org,,Alignment Checking,,,,,,
,,,《大寶積經》菩薩藏會-玄奘 toh56to57-tai310-005,《大寶積經》菩薩藏會-玄奘 toh56to57-tai310-005,,toh56,,1. 經部,佛世尊,,CBETA,ZH,《大寶積經》菩薩藏會-玄奘 toh56to57-tai310-005_zh,IDBDB45F6 - 《大寶積經》菩薩藏會-玄奘 toh56to57-tai310-005,fodian.org,,Alignment Checking,,,,,,
,,,འཕགས་པ་བྱང་ཆུབ་སེམས་དཔའི་སྡེ་སྣོད་ཅེས་བྱ་བ་ཐེག་པ་ཆེན་པོའི་མདོ། toh56to57-tai310-006,འཕགས་པ་བྱང་ཆུབ་སེམས་དཔའི་སྡེ་སྣོད་ཅེས་བྱ་བ་ཐེག་པ་ཆེན་པོའི་མདོ། toh56to57-tai310-006,"Heap of Jewels, Bodhisattva Canon Assembly - Xuanzang -toh56to57-tai310-006",toh56,WA0RK0056-6,1. 經部,སངས་རྒྱས་བཅོམ་ལྡན་འདས།,Buddha Bhagavan,Esukhia,Bo,《大寶積經》菩薩藏會-玄奘 toh56to57-tai310-006_bo,I112B1F9E - འཕགས་པ་བྱང་ཆུབ་སེམས་དཔའི་སྡེ་སྣོད་ཅེས་བྱ་བ་ཐེག་པ་ཆེན་པོའི་མདོ། toh56to57-tai310-006,fodian.org,,Alignment Checking,,,,,,
,,,《大寶積經》菩薩藏會-玄奘 toh56to57-tai310-006,《大寶積經》菩薩藏會-玄奘 toh56to57-tai310-006,,toh56,,1. 經部,佛世尊,,CBETA,ZH,《大寶積經》菩薩藏會-玄奘 toh56to57-tai310-006_zh,I75DCE018 - 《大寶積經》菩薩藏會-玄奘 toh56to57-tai310-006,fodian.org,,Alignment Checking,,,,,,
,,,འཕགས་པ་བྱང་ཆུབ་སེམས་དཔའི་སྡེ་སྣོད་ཅེས་བྱ་བ་ཐེག་པ་ཆེན་པོའི་མདོ། toh56to57-tai310-008,འཕགས་པ་བྱང་ཆུབ་སེམས་དཔའི་སྡེ་སྣོད་ཅེས་བྱ་བ་ཐེག་པ་ཆེན་པོའི་མདོ། toh56to57-tai310-008,"Heap of Jewels, Bodhisattva Canon Assembly - Xuanzang -toh56to57-tai310-008",toh56,WA0RK0056-6,1. 經部,སངས་རྒྱས་བཅོམ་ལྡན་འདས།,Buddha Bhagavan,Esukhia,Bo,《大寶積經》菩薩藏會-玄奘 toh56to57-tai310-006_bo,,Staging,,Alignment Checking,,,,,,
,,,《大寶積經》菩薩藏會-玄奘 toh56to57-tai310-008,《大寶積經》菩薩藏會-玄奘 toh56to57-tai310-008,,toh56,,1. 經部,佛世尊,,CBETA,ZH,《大寶積經》菩薩藏會-玄奘 toh56to57-tai310-006_zh,,Staging,,Alignment Checking,,,,,,
,,,འཕགས་པ་བྱང་ཆུབ་སེམས་དཔའི་སྡེ་སྣོད་ཅེས་བྱ་བ་ཐེག་པ་ཆེན་པོའི་མདོ། toh56to57-tai310-008,འཕགས་པ་བྱང་ཆུབ་སེམས་དཔའི་སྡེ་སྣོད་ཅེས་བྱ་བ་ཐེག་པ་ཆེན་པོའི་མདོ། toh56to57-tai310-008,"Heap of Jewels, Bodhisattva Canon Assembly - Xuanzang -toh56to57-tai310-008",toh56,WA0RK0056-8,1. 經部,སངས་རྒྱས་བཅོམ་ལྡན་འདས།,Buddha Bhagavan,Esukhia,Bo,《大寶積經》菩薩藏會-玄奘 toh56to57-tai310-008_bo,,Staging,,Alignment Checking,,,,,,
,,,《大寶積經》菩薩藏會-玄奘 toh56to57-tai310-008,《大寶積經》菩薩藏會-玄奘 toh56to57-tai310-008,,toh56,,1. 經部,佛世尊,,CBETA,ZH,《大寶積經》菩薩藏會-玄奘 toh56to57-tai310-008_zh,,Staging,,Alignment Checking,,,,,,
,,,འཕགས་པ་བྱང་ཆུབ་སེམས་དཔའི་སྡེ་སྣོད་ཅེས་བྱ་བ་ཐེག་པ་ཆེན་པོའི་མདོ། toh56to57-tai310-00101,འཕགས་པ་བྱང་ཆུབ་སེམས་དཔའི་སྡེ་སྣོད་ཅེས་བྱ་བ་ཐེག་པ་ཆེན་པོའི་མདོ། toh56to57-tai310-00101,"Heap of Jewels, Bodhisattva Canon Assembly - Xuanzang -toh56to57-tai310-00101",toh56,WA0RK0056-1-1,1. 經部,སངས་རྒྱས་བཅོམ་ལྡན་འདས།,Buddha Bhagavan,Esukhia,Bo,《大寶積經》菩薩藏會-玄奘 toh56to57-tai310-00101_bo,,Staging,,Alignment Checking,,,,,,
,,,《大寶積經》菩薩藏會-玄奘 toh56to57-tai310-00101,《大寶積經》菩薩藏會-玄奘 toh56to57-tai310-00101,,toh56,,1. 經部,佛世尊,,CBETA,ZH,《大寶積經》菩薩藏會-玄奘 toh56to57-tai310-00101_zh,,Staging,,Alignment Checking,,,,,,
,,,འཕགས་པ་བྱང་ཆུབ་སེམས་དཔའི་སྡེ་སྣོད་ཅེས་བྱ་བ་ཐེག་པ་ཆེན་པོའི་མདོ། toh56to57-tai310-00102,འཕགས་པ་བྱང་ཆུབ་སེམས་དཔའི་སྡེ་སྣོད་ཅེས་བྱ་བ་ཐེག་པ་ཆེན་པོའི་མདོ། toh56to57-tai310-00102,"Heap of Jewels, Bodhisattva Canon Assembly - Xuanzang -toh56to57-tai310-00102",toh56,WA0RK0056-1-2,1. 經部,སངས་རྒྱས་བཅོམ་ལྡན་འདས།,Buddha Bhagavan,Esukhia,Bo,《大寶積經》菩薩藏會-玄奘 toh56to57-tai310-00102_bo,,Staging,,Alignment Checking,,,,,,
,,,《大寶積經》菩薩藏會-玄奘 toh56to57-tai310-00102,《大寶積經》菩薩藏會-玄奘 toh56to57-tai310-00102,,toh56,,1. 經部,佛世尊,,CBETA,ZH,《大寶積經》菩薩藏會-玄奘 toh56to57-tai310-00102_zh,,Staging,,Alignment Checking,,,,,,
,,,འཕགས་པ་བྱང་ཆུབ་སེམས་དཔའི་སྡེ་སྣོད་ཅེས་བྱ་བ་ཐེག་པ་ཆེན་པོའི་མདོ། toh56to57-tai310-00103,འཕགས་པ་བྱང་ཆུབ་སེམས་དཔའི་སྡེ་སྣོད་ཅེས་བྱ་བ་ཐེག་པ་ཆེན་པོའི་མདོ། toh56to57-tai310-00103,"Heap of Jewels, Bodhisattva Canon Assembly - Xuanzang -toh56to57-tai310-00103",toh56,WA0RK0056-1-3,1. 經部,སངས་རྒྱས་བཅོམ་ལྡན་འདས།,Buddha Bhagavan,Esukhia,Bo,《大寶積經》菩薩藏會-玄奘 toh56to57-tai310-00103_bo,,Staging,,Alignment Checking,,,,,,
,,,《大寶積經》菩薩藏會-玄奘 toh56to57-tai310-00103,《大寶積經》菩薩藏會-玄奘 toh56to57-tai310-00103,,toh56,,1. 經部,佛世尊,,CBETA,ZH,《大寶積經》菩薩藏會-玄奘 toh56to57-tai310-00103_zh,,Staging,,Alignment Checking,,,,,,
,,,འཕགས་པ་བྱང་ཆུབ་སེམས་དཔའི་སྡེ་སྣོད་ཅེས་བྱ་བ་ཐེག་པ་ཆེན་པོའི་མདོ། toh56to57-tai310-00401,འཕགས་པ་བྱང་ཆུབ་སེམས་དཔའི་སྡེ་སྣོད་ཅེས་བྱ་བ་ཐེག་པ་ཆེན་པོའི་མདོ། toh56to57-tai310-00401,"Heap of Jewels, Bodhisattva Canon Assembly - Xuanzang -toh56to57-tai310-00401",toh56,WA0RK0056-4-1,1. 經部,སངས་རྒྱས་བཅོམ་ལྡན་འདས།,Buddha Bhagavan,Esukhia,Bo,《大寶積經》菩薩藏會-玄奘 toh56to57-tai310-00401_bo,IACC118D5 - འཕགས་པ་བྱང་ཆུབ་སེམས་དཔའི་སྡེ་སྣོད་ཅེས་བྱ་བ་ཐེག་པ་ཆེན་པོའི་མདོ། toh56to57-tai310-00401,Staging,,Alignment Checking,,,,,,
,,,《大寶積經》菩薩藏會-玄奘 toh56to57-tai310-00401,《大寶積經》菩薩藏會-玄奘 toh56to57-tai310-00401,,toh56,,1. 經部,佛世尊,,CBETA,ZH,《大寶積經》菩薩藏會-玄奘 toh56to57-tai310-00401_zh,I44F12EE7 - 《大寶積經》菩薩藏會-玄奘 toh56to57-tai310-00401,Staging,,Alignment Checking,,,,,,
,,,འཕགས་པ་བྱང་ཆུབ་སེམས་དཔའི་སྡེ་སྣོད་ཅེས་བྱ་བ་ཐེག་པ་ཆེན་པོའི་མདོ། toh56to57-tai310-00402,འཕགས་པ་བྱང་ཆུབ་སེམས་དཔའི་སྡེ་སྣོད་ཅེས་བྱ་བ་ཐེག་པ་ཆེན་པོའི་མདོ། toh56to57-tai310-00402,"Heap of Jewels, Bodhisattva Canon Assembly - Xuanzang -toh56to57-tai310-00402",toh56,,1. 經部,སངས་རྒྱས་བཅོམ་ལྡན་འདས།,Buddha Bhagavan,Esukhia,Bo,,,Ready,,Alignment Checking,,,,,,
,,,《大寶積經》菩薩藏會-玄奘 toh56to57-tai310-00402,《大寶積經》菩薩藏會-玄奘 toh56to57-tai310-00402,,toh56,,1. 經部,佛世尊,,CBETA,ZH,,,Ready,,Alignment Checking,,,,,,
,,,འཕགས་པ་བྱང་ཆུབ་སེམས་དཔའི་སྡེ་སྣོད་ཅེས་བྱ་བ་ཐེག་པ་ཆེན་པོའི་མདོ། toh56to57-tai310-00403,འཕགས་པ་བྱང་ཆུབ་སེམས་དཔའི་སྡེ་སྣོད་ཅེས་བྱ་བ་ཐེག་པ་ཆེན་པོའི་མདོ། toh56to57-tai310-00403,"Heap of Jewels, Bodhisattva Canon Assembly - Xuanzang -toh56to57-tai310-00403",toh56,,1. 經部,སངས་རྒྱས་བཅོམ་ལྡན་འདས།,Buddha Bhagavan,Esukhia,Bo,,,Ready,,Alignment Checking,,,,,,
,,,《大寶積經》菩薩藏會-玄奘 toh56to57-tai310-00403,《大寶積經》菩薩藏會-玄奘 toh56to57-tai310-00403,,toh56,,1. 經部,佛世尊,,CBETA,ZH,,,Ready,,Alignment Checking,,,,,,
,,,འཕགས་པ་བྱང་ཆུབ་སེམས་དཔའི་སྡེ་སྣོད་ཅེས་བྱ་བ་ཐེག་པ་ཆེན་པོའི་མདོ། toh56to57-tai310-00404,འཕགས་པ་བྱང་ཆུབ་སེམས་དཔའི་སྡེ་སྣོད་ཅེས་བྱ་བ་ཐེག་པ་ཆེན་པོའི་མདོ། toh56to57-tai310-00404,"Heap of Jewels, Bodhisattva Canon Assembly - Xuanzang -toh56to57-tai310-00404",toh56,,1. 經部,སངས་རྒྱས་བཅོམ་ལྡན་འདས།,Buddha Bhagavan,Esukhia,Bo,,,Ready,,Alignment Checking,,,,,,
,,,《大寶積經》菩薩藏會-玄奘 toh56to57-tai310-00404,《大寶積經》菩薩藏會-玄奘 toh56to57-tai310-00404,,toh56,,1. 經部,佛世尊,,CBETA,ZH,,,Ready,,Alignment Checking,,,,,,
,,,འཕགས་པ་བྱང་ཆུབ་སེམས་དཔའི་སྡེ་སྣོད་ཅེས་བྱ་བ་ཐེག་པ་ཆེན་པོའི་མདོ། toh56to57-tai310-00405,འཕགས་པ་བྱང་ཆུབ་སེམས་དཔའི་སྡེ་སྣོད་ཅེས་བྱ་བ་ཐེག་པ་ཆེན་པོའི་མདོ། toh56to57-tai310-00405,"Heap of Jewels, Bodhisattva Canon Assembly - Xuanzang -toh56to57-tai310-00405",toh56,,1. 經部,སངས་རྒྱས་བཅོམ་ལྡན་འདས།,Buddha Bhagavan,Esukhia,Bo,,,Ready,,Alignment Checking,,,,,,
,,,《大寶積經》菩薩藏會-玄奘 toh56to57-tai310-00405,《大寶積經》菩薩藏會-玄奘 toh56to57-tai310-00405,,toh56,,1. 經部,佛世尊,,CBETA,ZH,,,Ready,,Alignment Checking,,,,,,
,,,འཕགས་པ་བྱང་ཆུབ་སེམས་དཔའི་སྡེ་སྣོད་ཅེས་བྱ་བ་ཐེག་པ་ཆེན་པོའི་མདོ། toh56to57-tai310-00406,འཕགས་པ་བྱང་ཆུབ་སེམས་དཔའི་སྡེ་སྣོད་ཅེས་བྱ་བ་ཐེག་པ་ཆེན་པོའི་མདོ། toh56to57-tai310-00406,"Heap of Jewels, Bodhisattva Canon Assembly - Xuanzang -toh56to57-tai310-00406",toh56,,1. 經部,སངས་རྒྱས་བཅོམ་ལྡན་འདས།,Buddha Bhagavan,Esukhia,Bo,,,Ready,,Alignment Checking,,,,,,
,,,《大寶積經》菩薩藏會-玄奘 toh56to57-tai310-00406,《大寶積經》菩薩藏會-玄奘 toh56to57-tai310-00406,,toh56,,1. 經部,佛世尊,,CBETA,ZH,,,Ready,,Alignment Checking,,,,,,
,,,འཕགས་པ་བྱང་ཆུབ་སེམས་དཔའི་སྡེ་སྣོད་ཅེས་བྱ་བ་ཐེག་པ་ཆེན་པོའི་མདོ། toh56to57-tai310-00407,འཕགས་པ་བྱང་ཆུབ་སེམས་དཔའི་སྡེ་སྣོད་ཅེས་བྱ་བ་ཐེག་པ་ཆེན་པོའི་མདོ། toh56to57-tai310-00407,"Heap of Jewels, Bodhisattva Canon Assembly - Xuanzang -toh56to57-tai310-00407",toh56,,1. 經部,སངས་རྒྱས་བཅོམ་ལྡན་འདས།,Buddha Bhagavan,Esukhia,Bo,,,Ready,,Alignment Checking,,,,,,
,,,《大寶積經》菩薩藏會-玄奘 toh56to57-tai310-00407,《大寶積經》菩薩藏會-玄奘 toh56to57-tai310-00407,,toh56,,1. 經部,佛世尊,,CBETA,ZH,,,Ready,,Alignment Checking,,,,,,
,,,འཕགས་པ་བྱང་ཆུབ་སེམས་དཔའི་སྡེ་སྣོད་ཅེས་བྱ་བ་ཐེག་པ་ཆེན་པོའི་མདོ། toh56to57-tai310-00408,འཕགས་པ་བྱང་ཆུབ་སེམས་དཔའི་སྡེ་སྣོད་ཅེས་བྱ་བ་ཐེག་པ་ཆེན་པོའི་མདོ། toh56to57-tai310-00408,"Heap of Jewels, Bodhisattva Canon Assembly - Xuanzang -toh56to57-tai310-00408",toh56,,1. 經部,སངས་རྒྱས་བཅོམ་ལྡན་འདས།,Buddha Bhagavan,Esukhia,Bo,,,Ready,,Alignment Checking,,,,,,
,,,《大寶積經》菩薩藏會-玄奘 toh56to57-tai310-00408,《大寶積經》菩薩藏會-玄奘 toh56to57-tai310-00408,,toh56,,1. 經部,佛世尊,,CBETA,ZH,,,Ready,,Alignment Checking,,,,,,
,,,འཕགས་པ་བྱང་ཆུབ་སེམས་དཔའི་སྡེ་སྣོད་ཅེས་བྱ་བ་ཐེག་པ་ཆེན་པོའི་མདོ། toh56to57-tai310-00701,འཕགས་པ་བྱང་ཆུབ་སེམས་དཔའི་སྡེ་སྣོད་ཅེས་བྱ་བ་ཐེག་པ་ཆེན་པོའི་མདོ། toh56to57-tai310-00701,"Heap of Jewels, Bodhisattva Canon Assembly - Xuanzang -toh56to57-tai310-00701",toh56,,1. 經部,སངས་རྒྱས་བཅོམ་ལྡན་འདས།,Buddha Bhagavan,Esukhia,Bo,,,Ready,,Alignment Checking,,,,,,
,,,《大寶積經》菩薩藏會-玄奘 toh56to57-tai310-00701,《大寶積經》菩薩藏會-玄奘 toh56to57-tai310-00701,,toh56,,1. 經部,佛世尊,,CBETA,ZH,,,Ready,,Alignment Checking,,,,,,
,,,འཕགས་པ་བྱང་ཆུབ་སེམས་དཔའི་སྡེ་སྣོད་ཅེས་བྱ་བ་ཐེག་པ་ཆེན་པོའི་མདོ། toh56to57-tai310-00702,འཕགས་པ་བྱང་ཆུབ་སེམས་དཔའི་སྡེ་སྣོད་ཅེས་བྱ་བ་ཐེག་པ་ཆེན་པོའི་མདོ། toh56to57-tai310-00702,"Heap of Jewels, Bodhisattva Canon Assembly - Xuanzang -toh56to57-tai310-00702",toh56,,1. 經部,སངས་རྒྱས་བཅོམ་ལྡན་འདས།,Buddha Bhagavan,Esukhia,Bo,,,Ready,,Alignment Checking,,,,,,
,,,《大寶積經》菩薩藏會-玄奘 toh56to57-tai310-00702,《大寶積經》菩薩藏會-玄奘 toh56to57-tai310-00702,,toh56,,1. 經部,佛世尊,,CBETA,ZH,,,Ready,,Alignment Checking,,,,,,
,,,འཕགས་པ་བྱང་ཆུབ་སེམས་དཔའི་སྡེ་སྣོད་ཅེས་བྱ་བ་ཐེག་པ་ཆེན་པོའི་མདོ། toh56to57-tai310-00703,འཕགས་པ་བྱང་ཆུབ་སེམས་དཔའི་སྡེ་སྣོད་ཅེས་བྱ་བ་ཐེག་པ་ཆེན་པོའི་མདོ། toh56to57-tai310-00703,"Heap of Jewels, Bodhisattva Canon Assembly - Xuanzang -toh56to57-tai310-00703",toh56,,1. 經部,སངས་རྒྱས་བཅོམ་ལྡན་འདས།,Buddha Bhagavan,Esukhia,Bo,,,Ready,,Alignment Checking,,,,,,
,,,《大寶積經》菩薩藏會-玄奘 toh56to57-tai310-00703,《大寶積經》菩薩藏會-玄奘 toh56to57-tai310-00703,,toh56,,1. 經部,佛世尊,,CBETA,ZH,,,Ready,,Alignment Checking,,,,,,
,,,འཕགས་པ་བྱང་ཆུབ་སེམས་དཔའི་སྡེ་སྣོད་ཅེས་བྱ་བ་ཐེག་པ་ཆེན་པོའི་མདོ། toh56to57-tai310-00704,འཕགས་པ་བྱང་ཆུབ་སེམས་དཔའི་སྡེ་སྣོད་ཅེས་བྱ་བ་ཐེག་པ་ཆེན་པོའི་མདོ། toh56to57-tai310-00704,"Heap of Jewels, Bodhisattva Canon Assembly - Xuanzang -toh56to57-tai310-00704",toh56,,1. 經部,སངས་རྒྱས་བཅོམ་ལྡན་འདས།,Buddha Bhagavan,Esukhia,Bo,,,Ready,,Alignment Checking,,,,,,
,,,《大寶積經》菩薩藏會-玄奘 toh56to57-tai310-00704,《大寶積經》菩薩藏會-玄奘 toh56to57-tai310-00704,,toh56,,1. 經部,佛世尊,,CBETA,ZH,,,Ready,,Alignment Checking,,,,,,
,,,འཕགས་པ་བྱང་ཆུབ་སེམས་དཔའི་སྡེ་སྣོད་ཅེས་བྱ་བ་ཐེག་པ་ཆེན་པོའི་མདོ། toh56to57-tai310-00705,འཕགས་པ་བྱང་ཆུབ་སེམས་དཔའི་སྡེ་སྣོད་ཅེས་བྱ་བ་ཐེག་པ་ཆེན་པོའི་མདོ། toh56to57-tai310-00705,"Heap of Jewels, Bodhisattva Canon Assembly - Xuanzang -toh56to57-tai310-00705",toh56,,1. 經部,སངས་རྒྱས་བཅོམ་ལྡན་འདས།,Buddha Bhagavan,Esukhia,Bo,,,Ready,,Alignment Checking,,,,,,
,,,《大寶積經》菩薩藏會-玄奘 toh56to57-tai310-00705,《大寶積經》菩薩藏會-玄奘 toh56to57-tai310-00705,,toh56,,1. 經部,佛世尊,,CBETA,ZH,,,Ready,,Alignment Checking,,,,,,
,,,འཕགས་པ་བྱང་ཆུབ་སེམས་དཔའི་སྡེ་སྣོད་ཅེས་བྱ་བ་ཐེག་པ་ཆེན་པོའི་མདོ། toh56to57-tai310-00901,འཕགས་པ་བྱང་ཆུབ་སེམས་དཔའི་སྡེ་སྣོད་ཅེས་བྱ་བ་ཐེག་པ་ཆེན་པོའི་མདོ། toh56to57-tai310-00901,"Heap of Jewels, Bodhisattva Canon Assembly - Xuanzang -toh56to57-tai310-00901",toh56,,1. 經部,སངས་རྒྱས་བཅོམ་ལྡན་འདས།,Buddha Bhagavan,Esukhia,Bo,,,Ready,,Alignment Checking,,,,,,
,,,《大寶積經》菩薩藏會-玄奘 toh56to57-tai310-00901,《大寶積經》菩薩藏會-玄奘 toh56to57-tai310-00901,,toh56,,1. 經部,佛世尊,,CBETA,ZH,,,Ready,,Alignment Checking,,,,,,
,,,འཕགས་པ་བྱང་ཆུབ་སེམས་དཔའི་སྡེ་སྣོད་ཅེས་བྱ་བ་ཐེག་པ་ཆེན་པོའི་མདོ། toh56to57-tai310-00902,འཕགས་པ་བྱང་ཆུབ་སེམས་དཔའི་སྡེ་སྣོད་ཅེས་བྱ་བ་ཐེག་པ་ཆེན་པོའི་མདོ། toh56to57-tai310-00902,"Heap of Jewels, Bodhisattva Canon Assembly - Xuanzang -toh56to57-tai310-00902",toh56,,1. 經部,སངས་རྒྱས་བཅོམ་ལྡན་འདས།,Buddha Bhagavan,Esukhia,Bo,,,Ready,,Alignment Checking,,,,,,
,,,《大寶積經》菩薩藏會-玄奘 toh56to57-tai310-00902,《大寶積經》菩薩藏會-玄奘 toh56to57-tai310-00902,,toh56,,1. 經部,佛世尊,,CBETA,ZH,,,Ready,,Alignment Checking,,,,,,
,,,འཕགས་པ་བྱང་ཆུབ་སེམས་དཔའི་སྡེ་སྣོད་ཅེས་བྱ་བ་ཐེག་པ་ཆེན་པོའི་མདོ། toh56to57-tai310-00903,འཕགས་པ་བྱང་ཆུབ་སེམས་དཔའི་སྡེ་སྣོད་ཅེས་བྱ་བ་ཐེག་པ་ཆེན་པོའི་མདོ། toh56to57-tai310-00903,"Heap of Jewels, Bodhisattva Canon Assembly - Xuanzang -toh56to57-tai310-00903",toh56,,1. 經部,སངས་རྒྱས་བཅོམ་ལྡན་འདས།,Buddha Bhagavan,Esukhia,Bo,,,Ready,,Alignment Checking,,,,,,
,,,《大寶積經》菩薩藏會-玄奘 toh56to57-tai310-00903,《大寶積經》菩薩藏會-玄奘 toh56to57-tai310-00903,,toh56,,1. 經部,佛世尊,,CBETA,ZH,,,Ready,,Alignment Checking,,,,,,
,,,འཕགས་པ་བྱང་ཆུབ་སེམས་དཔའི་སྡེ་སྣོད་ཅེས་བྱ་བ་ཐེག་པ་ཆེན་པོའི་མདོ། toh56to57-tai310-00904,འཕགས་པ་བྱང་ཆུབ་སེམས་དཔའི་སྡེ་སྣོད་ཅེས་བྱ་བ་ཐེག་པ་ཆེན་པོའི་མདོ། toh56to57-tai310-00904,"Heap of Jewels, Bodhisattva Canon Assembly - Xuanzang -toh56to57-tai310-00904",toh56,,1. 經部,སངས་རྒྱས་བཅོམ་ལྡན་འདས།,Buddha Bhagavan,Esukhia,Bo,,,Ready,,Alignment Checking,,,,,,
,,,《大寶積經》菩薩藏會-玄奘 toh56to57-tai310-00904,《大寶積經》菩薩藏會-玄奘 toh56to57-tai310-00904,,toh56,,1. 經部,佛世尊,,CBETA,ZH,,,Ready,,Alignment Checking,,,,,,
,,,འཕགས་པ་བྱང་ཆུབ་སེམས་དཔའི་སྡེ་སྣོད་ཅེས་བྱ་བ་ཐེག་པ་ཆེན་པོའི་མདོ། toh56to57-tai310-00905,འཕགས་པ་བྱང་ཆུབ་སེམས་དཔའི་སྡེ་སྣོད་ཅེས་བྱ་བ་ཐེག་པ་ཆེན་པོའི་མདོ། toh56to57-tai310-00905,"Heap of Jewels, Bodhisattva Canon Assembly - Xuanzang -toh56to57-tai310-00905",toh56,,1. 經部,སངས་རྒྱས་བཅོམ་ལྡན་འདས།,Buddha Bhagavan,Esukhia,Bo,,,Ready,,Alignment Checking,,,,,,
,,,《大寶積經》菩薩藏會-玄奘 toh56to57-tai310-00905,《大寶積經》菩薩藏會-玄奘 toh56to57-tai310-00905,,toh56,,1. 經部,佛世尊,,CBETA,ZH,,,Ready,,Alignment Checking,,,,,,
,,,འཕགས་པ་བྱང་ཆུབ་སེམས་དཔའི་སྡེ་སྣོད་ཅེས་བྱ་བ་ཐེག་པ་ཆེན་པོའི་མདོ། toh56to57-tai310-00906,འཕགས་པ་བྱང་ཆུབ་སེམས་དཔའི་སྡེ་སྣོད་ཅེས་བྱ་བ་ཐེག་པ་ཆེན་པོའི་མདོ། toh56to57-tai310-00906,"Heap of Jewels, Bodhisattva Canon Assembly - Xuanzang -toh56to57-tai310-00906",toh56,,1. 經部,སངས་རྒྱས་བཅོམ་ལྡན་འདས།,Buddha Bhagavan,Esukhia,Bo,,,Ready,,Alignment Checking,,,,,,
,,,《大寶積經》菩薩藏會-玄奘 toh56to57-tai310-00906,《大寶積經》菩薩藏會-玄奘 toh56to57-tai310-00906,,toh56,,1. 經部,佛世尊,,CBETA,ZH,,,Ready,,Alignment Checking,,,,,,
,,,འཕགས་པ་བྱང་ཆུབ་སེམས་དཔའི་སྡེ་སྣོད་ཅེས་བྱ་བ་ཐེག་པ་ཆེན་པོའི་མདོ། toh56to57-tai310-00907,འཕགས་པ་བྱང་ཆུབ་སེམས་དཔའི་སྡེ་སྣོད་ཅེས་བྱ་བ་ཐེག་པ་ཆེན་པོའི་མདོ། toh56to57-tai310-00907,"Heap of Jewels, Bodhisattva Canon Assembly - Xuanzang -toh56to57-tai310-00907",toh56,,1. 經部,སངས་རྒྱས་བཅོམ་ལྡན་འདས།,Buddha Bhagavan,Esukhia,Bo,,,Ready,,Alignment Checking,,,,,,
,,,《大寶積經》菩薩藏會-玄奘 toh56to57-tai310-00907,《大寶積經》菩薩藏會-玄奘 toh56to57-tai310-00907,,toh56,,1. 經部,佛世尊,,CBETA,ZH,,,Ready,,Alignment Checking,,,,,,
,,,འཕགས་པ་བྱང་ཆུབ་སེམས་དཔའི་སྡེ་སྣོད་ཅེས་བྱ་བ་ཐེག་པ་ཆེན་པོའི་མདོ། toh56to57-tai310-01001,འཕགས་པ་བྱང་ཆུབ་སེམས་དཔའི་སྡེ་སྣོད་ཅེས་བྱ་བ་ཐེག་པ་ཆེན་པོའི་མདོ། toh56to57-tai310-01001,"Heap of Jewels, Bodhisattva Canon Assembly - Xuanzang -toh56to57-tai310-01001",toh56,,1. 經部,སངས་རྒྱས་བཅོམ་ལྡན་འདས།,Buddha Bhagavan,Esukhia,Bo,,,Ready,,Alignment Checking,,,,,,
,,,《大寶積經》菩薩藏會-玄奘 toh56to57-tai310-01001,《大寶積經》菩薩藏會-玄奘 toh56to57-tai310-01001,,toh56,,1. 經部,佛世尊,,CBETA,ZH,,,Ready,,Alignment Checking,,,,,,
,,,འཕགས་པ་བྱང་ཆུབ་སེམས་དཔའི་སྡེ་སྣོད་ཅེས་བྱ་བ་ཐེག་པ་ཆེན་པོའི་མདོ། toh56to57-tai310-01002,འཕགས་པ་བྱང་ཆུབ་སེམས་དཔའི་སྡེ་སྣོད་ཅེས་བྱ་བ་ཐེག་པ་ཆེན་པོའི་མདོ། toh56to57-tai310-01002,"Heap of Jewels, Bodhisattva Canon Assembly - Xuanzang -toh56to57-tai310-01002",toh56,,1. 經部,སངས་རྒྱས་བཅོམ་ལྡན་འདས།,Buddha Bhagavan,Esukhia,Bo,,,Ready,,Alignment Checking,,,,,,
,,,《大寶積經》菩薩藏會-玄奘 toh56to57-tai310-01002,《大寶積經》菩薩藏會-玄奘 toh56to57-tai310-01002,,toh56,,1. 經部,佛世尊,,CBETA,ZH,,,Ready,,Alignment Checking,,,,,,
,,,འཕགས་པ་བྱང་ཆུབ་སེམས་དཔའི་སྡེ་སྣོད་ཅེས་བྱ་བ་ཐེག་པ་ཆེན་པོའི་མདོ། toh56to57-tai310-01101,འཕགས་པ་བྱང་ཆུབ་སེམས་དཔའི་སྡེ་སྣོད་ཅེས་བྱ་བ་ཐེག་པ་ཆེན་པོའི་མདོ། toh56to57-tai310-01101,"Heap of Jewels, Bodhisattva Canon Assembly - Xuanzang -toh56to57-tai310-01101",toh56,,1. 經部,སངས་རྒྱས་བཅོམ་ལྡན་འདས།,Buddha Bhagavan,Esukhia,Bo,,,Ready,,Alignment Checking,,,,,,
,,,《大寶積經》菩薩藏會-玄奘 toh56to57-tai310-01101,《大寶積經》菩薩藏會-玄奘 toh56to57-tai310-01101,,toh56,,1. 經部,佛世尊,,CBETA,ZH,,,Ready,,Alignment Checking,,,,,,
,,,འཕགས་པ་བྱང་ཆུབ་སེམས་དཔའི་སྡེ་སྣོད་ཅེས་བྱ་བ་ཐེག་པ་ཆེན་པོའི་མདོ། toh56to57-tai310-01102,འཕགས་པ་བྱང་ཆུབ་སེམས་དཔའི་སྡེ་སྣོད་ཅེས་བྱ་བ་ཐེག་པ་ཆེན་པོའི་མདོ། toh56to57-tai310-01102,"Heap of Jewels, Bodhisattva Canon Assembly - Xuanzang -toh56to57-tai310-01102",toh56,,1. 經部,སངས་རྒྱས་བཅོམ་ལྡན་འདས།,Buddha Bhagavan,Esukhia,Bo,,,Ready,,Alignment Checking,,,,,,
,,,《大寶積經》菩薩藏會-玄奘 toh56to57-tai310-01102,《大寶積經》菩薩藏會-玄奘 toh56to57-tai310-01102,,toh56,,1. 經部,佛世尊,,CBETA,ZH,,,Ready,,Alignment Checking,,,,,,
,,,འཕགས་པ་བྱང་ཆུབ་སེམས་དཔའི་སྡེ་སྣོད་ཅེས་བྱ་བ་ཐེག་པ་ཆེན་པོའི་མདོ། toh56to57-tai310-01103,འཕགས་པ་བྱང་ཆུབ་སེམས་དཔའི་སྡེ་སྣོད་ཅེས་བྱ་བ་ཐེག་པ་ཆེན་པོའི་མདོ། toh56to57-tai310-01103,"Heap of Jewels, Bodhisattva Canon Assembly - Xuanzang -toh56to57-tai310-01103",toh56,,1. 經部,སངས་རྒྱས་བཅོམ་ལྡན་འདས།,Buddha Bhagavan,Esukhia,Bo,,,Ready,,Alignment Checking,,,,,,
,,,《大寶積經》菩薩藏會-玄奘 toh56to57-tai310-01103,《大寶積經》菩薩藏會-玄奘 toh56to57-tai310-01103,,toh56,,1. 經部,佛世尊,,CBETA,ZH,,,Ready,,Alignment Checking,,,,,,
,,,འཕགས་པ་བྱང་ཆུབ་སེམས་དཔའི་སྡེ་སྣོད་ཅེས་བྱ་བ་ཐེག་པ་ཆེན་པོའི་མདོ། toh56to57-tai310-01104,འཕགས་པ་བྱང་ཆུབ་སེམས་དཔའི་སྡེ་སྣོད་ཅེས་བྱ་བ་ཐེག་པ་ཆེན་པོའི་མདོ། toh56to57-tai310-01104,"Heap of Jewels, Bodhisattva Canon Assembly - Xuanzang -toh56to57-tai310-01104",toh56,,1. 經部,སངས་རྒྱས་བཅོམ་ལྡན་འདས།,Buddha Bhagavan,Esukhia,Bo,,,Ready,,Alignment Checking,,,,,,
,,,《大寶積經》菩薩藏會-玄奘 toh56to57-tai310-01104,《大寶積經》菩薩藏會-玄奘 toh56to57-tai310-01104,,toh56,,1. 經部,佛世尊,,CBETA,ZH,,,Ready,,Alignment Checking,,,,,,
,,,འཕགས་པ་བྱང་ཆུབ་སེམས་དཔའི་སྡེ་སྣོད་ཅེས་བྱ་བ་ཐེག་པ་ཆེན་པོའི་མདོ། toh56to57-tai310-01105,འཕགས་པ་བྱང་ཆུབ་སེམས་དཔའི་སྡེ་སྣོད་ཅེས་བྱ་བ་ཐེག་པ་ཆེན་པོའི་མདོ། toh56to57-tai310-01105,"Heap of Jewels, Bodhisattva Canon Assembly - Xuanzang -toh56to57-tai310-01105",toh56,,1. 經部,སངས་རྒྱས་བཅོམ་ལྡན་འདས།,Buddha Bhagavan,Esukhia,Bo,,,Ready,,Alignment Checking,,,,,,
,,,《大寶積經》菩薩藏會-玄奘 toh56to57-tai310-01105,《大寶積經》菩薩藏會-玄奘 toh56to57-tai310-01105,,toh56,,1. 經部,佛世尊,,CBETA,ZH,,,Ready,,Alignment Checking,,,,,,
,,,འཕགས་པ་བྱང་ཆུབ་སེམས་དཔའི་སྡེ་སྣོད་ཅེས་བྱ་བ་ཐེག་པ་ཆེན་པོའི་མདོ། toh56to57-tai310-01106,འཕགས་པ་བྱང་ཆུབ་སེམས་དཔའི་སྡེ་སྣོད་ཅེས་བྱ་བ་ཐེག་པ་ཆེན་པོའི་མདོ། toh56to57-tai310-01106,"Heap of Jewels, Bodhisattva Canon Assembly - Xuanzang -toh56to57-tai310-01106",toh56,,1. 經部,སངས་རྒྱས་བཅོམ་ལྡན་འདས།,Buddha Bhagavan,Esukhia,Bo,,,Ready,,Alignment Checking,,,,,,
,,,《大寶積經》菩薩藏會-玄奘 toh56to57-tai310-01106,《大寶積經》菩薩藏會-玄奘 toh56to57-tai310-01106,,toh56,,1. 經部,佛世尊,,CBETA,ZH,,,Ready,,Alignment Checking,,,,,,
,,,འཕགས་པ་བྱང་ཆུབ་སེམས་དཔའི་སྡེ་སྣོད་ཅེས་བྱ་བ་ཐེག་པ་ཆེན་པོའི་མདོ། toh56to57-tai310-01107,འཕགས་པ་བྱང་ཆུབ་སེམས་དཔའི་སྡེ་སྣོད་ཅེས་བྱ་བ་ཐེག་པ་ཆེན་པོའི་མདོ། toh56to57-tai310-01107,"Heap of Jewels, Bodhisattva Canon Assembly - Xuanzang -toh56to57-tai310-01107",toh56,,1. 經部,སངས་རྒྱས་བཅོམ་ལྡན་འདས།,Buddha Bhagavan,Esukhia,Bo,,,Ready,,Alignment Checking,,,,,,
,,,《大寶積經》菩薩藏會-玄奘 toh56to57-tai310-01107,《大寶積經》菩薩藏會-玄奘 toh56to57-tai310-01107,,toh56,,1. 經部,佛世尊,,CBETA,ZH,,,Ready,,Alignment Checking,,,,,,
,,,,,,,,,,,,,,,,,,,,,,,
"toh56to57-tai316 (missing 004,009)",,,འཕགས་པ་བྱང་ཆུབ་སེམས་དཔའི་སྡེ་སྣོད་ཅེས་བྱ་བ་ཐེག་པ་ཆེན་པོའི་མདོ།,འཕགས་པ་བྱང་ཆུབ་སེམས་དཔའི་སྡེ་སྣོད་ཅེས་བྱ་བ་ཐེག་པ་ཆེན་པོའི་མདོ།,"Heap of Jewels, Bodhisattva Canon Assembly - Dharmarakṣa",toh56,,1. 經部,སངས་རྒྱས་བཅོམ་ལྡན་འདས།,Buddha Bhagavan,Esukhia,Bo,,,Needs improvement,,Alignment Checking,,,,,,
,,,《大寶積經》菩薩藏會-法護 ,《大寶積經》菩薩藏會-法護 ,,toh56,,1. 經部,佛世尊,,CBETA,ZH,,,Needs improvement,,Alignment Checking,,,,,,
,,,,,,,,,,,,,,,,,,,,,,,
toh46-tai310-02,,,འཕགས་པ་སྒོ་མཐའ་ཡས་པ་རྣམ་པར་སྦྱོང་བ་བསྟན་པའི་ལེའུ་ཞེས་བྱ་བ་ཐེག་པ་ཆེན་པོའི་མདོ།,འཕགས་པ་སྒོ་མཐའ་ཡས་པ་རྣམ་པར་སྦྱོང་བ་བསྟན་པའི་ལེའུ་ཞེས་བྱ་བ་ཐེག་པ་ཆེན་པོའི་མདོ།,"Heap of Jewels, Second Assembly, Limitless Adornment Assembly.
",toh46,WA0RK0046,1. 經部,སངས་རྒྱས་བཅོམ་ལྡན་འདས།,Buddha Bhagavan,Esukhia,Bo,《大寶積經》〈無邊莊嚴會〉bompo 3_MRK-T46-T310-02-C-XL-20221121_bo,I2B7EE7F8 - འཕགས་པ་སྒོ་མཐའ་ཡས་པ་རྣམ་པར་སྦྱོང་བ་བསྟན་པའི་ལེའུ་ཞེས་བྱ་བ་ཐེག་པ་ཆེན་པོའི་མདོ།,Staging,,Alignment Checking,,,,,,
,,,《大寶積經》第二會 無邊莊嚴會,《大寶積經》第二會 無邊莊嚴會,,toh46,,1. 經部,佛世尊,,CBETA,ZH,《大寶積經》〈無邊莊嚴會〉bompo 3_MRK-T46-T310-02-C-XL-20221121_zh,I747F1FDC - 《大寶積經》第二會 無邊莊嚴會,Staging,,Alignment Checking,,,,,,
,,,,,,,,,,,,,,,,,,,,,,,
,,圓滿法藏官網,Kumarajiva,,,,,,,,,,,,,,Alignment Checking,,,,,,
Toh0023_kp0002_,,,ཤེར་ཕྱིན་ཡི་གེ་གཅིག་མ།,,"the Mother of all Tathāgatas, the One-syllable Perfection of Wisdom Sutra.",Toh0023,WA0XL45FA37486283,2.1 般若經與相關釋論,སངས་རྒྱས་བཅོམ་ལྡན་འདས།,Buddha Bhagavan,,Bo,Toh0023_kp0002_一切如來母一字般若波羅蜜多經_bo.docx,,Published,,Alignment Checking,,,,Yes,Toh0023_kp0002_一切如來母一字般若波羅蜜多經_simplified_bo.docx,
,,,一切如來母一字般若波羅蜜多經,,,Toh0023,,2.1 般若經與相關釋論,佛世尊,,,ZH,Toh0023_kp0002_一切如來母一字般若波羅蜜多經_zh.docx,,Published,,Alignment Checking,,,,,,
,,,,,,,,,,,,簡,Toh0023_kp0002_一切如來母一字般若波羅蜜多經_simplified_zh.docx,,Blocked,,Alignment Checking,,,,,,
Toh0020_kp0001_,,,འཕགས་པ་ཤེས་རབ་ཀྱི་ཕ་རོལ་ཏུ་ཕྱིན་པའི་སྒོ་ཉི་ཤུ་རྩ་ལྔ་པ།,,Twenty-five Aspects Great Vehicle Sutra,Toh0020,WA0RK0490,2.1 般若經與相關釋論,སངས་རྒྱས་བཅོམ་ལྡན་འདས།,Buddha Bhagavan,,Bo,Toh0020_kp0001_聖般若波羅蜜多二十五門大乘經_bo.docx,,Published,,Alignment Checking,,,,Yes,Toh0020_kp0001_聖般若波羅蜜多二十五門大乘經_simplified_bo.docx,
,,,聖般若波羅蜜多二十五門大乘經,,,Toh0020,,2.1 般若經與相關釋論,佛世尊,,https://buddha.now/toh0247/,ZH,Toh0020_kp0001_聖般若波羅蜜多二十五門大乘經_zh.docx,,Published,,Alignment Checking,,,,,,
,,,,,,,,,,,,簡,Toh0020_kp0001_聖般若波羅蜜多二十五門大乘經_simplified_zh.docx,,Blocked,,Alignment Checking,,,,,,
Toh0214_kp0018_,,,རྒྱལ་པོ་ལ་གདམས་པའི་མདོ།,,Instruction to King Bimbisāra on the Great Vehicle Scriptures,Toh0214,WA0RK0214,1. 經部,སངས་རྒྱས་བཅོམ་ལྡན་འདས།,Buddha Bhagavan,,Bo,Toh0214_kp0018_教誡頻婆娑羅王大乘經_simplified_bo.docx,,Published,,Alignment Checking,,,,No,Toh0214_kp0018_教誡頻婆娑羅王大乘經_simplified_bo.docx,
,,,教誡頻婆娑羅王大乘經,,,Toh0214,,1. 經部,佛世尊,,,ZH,Toh0214_kp0018_教誡頻婆娑羅王大乘經_bo.docx,,Published,,Alignment Checking,,,,,,
,,,,,,,,,,,,簡,Toh0214_kp0018_教誡頻婆娑羅王大乘經_simplified_zh.docx,,Blocked,,Alignment Checking,,,,,,
,,,,,,,,,,,,,,,,,,,,,,,
Toh0247_kp0022,,,ཆོས་དང་དོན་རྣམ་པར་འབྱེད་པའི་མདོ།,འཕགས་པ་ཆོས་དང་དོན་རྣམ་པར་འབྱེད་པ་ཞེས་བྱ་བ་ཐེག་པ་ཆེན་པོའི་མདོ།,The Great Vehicle Scripture on the Meaning of the Holy Eloquence of the Dharma.,Toh0247,WA0RK0247,1. 經部,སངས་རྒྱས་བཅོམ་ལྡན་འདས།,Buddha Bhagavan,https://library.bdrc.io/show/bdr:MW30532_0283,Bo,Toh0247_kp0022_聖辯法義大乘經_bo,IA5CB2B18 - ཆོས་དང་དོན་རྣམ་པར་འབྱེད་པའི་མདོ།,fodian.org,Toh0247_kp0022_圣辩法义大乘经,Alignment Checking,,,,No,Toh0247_kp0022_圣辩法义大乘经_simplified_bo.docx,
,,,聖辯法義大乘經,聖辯法義大乘經,,Toh0247,,1. 經部,佛世尊,,https://buddha.now/toh0247/,ZH,Toh0247_kp0022_聖辯法義大乘經_zh_without footnote,I43A98499 - 聖辯法義大乘經,fodian.org,,Alignment Checking,,,,,,
,,,,,,,,,,,,註腳 with footnote,Toh0247_kp0022_聖辯法義大乘經_zh,,,,Alignment Checking,,,,,,
,,,,,,,,,,,,簡,Toh0247_kp0022_圣辩法义大乘经_simplified_zh.docx,,Blocked,,Alignment Checking,,,,,,
,,,,,,,,,,,,,,,,,,,,,,,
Toh0215_kp0019,,,རྒྱལ་པོ་ལ་གདམས་པའི་མདོ།,རྒྱལ་པོ་ལ་གདམས་པ་ཞེས་བྱ་བ་ཐེག་པ་ཆེན་པོའི་མདོ།,The Mahāyāna Sūtra on the Instructions to King Udayana of Vatsa.,Toh0215,WA0RK0215,1. 經部,སངས་རྒྱས་བཅོམ་ལྡན་འདས།,Buddha Bhagavan,https://library.bdrc.io/show/bdr:MW30532_0215,Bo,Toh0215_kp0019_教誡拔嗟國優填王大乘經_bo,IDD6DD99D - རྒྱལ་པོ་ལ་གདམས་པའི་མདོ།,fodian.org,Toh0215_kp0019_教誡拔嗟國優填王大乘經,Alignment Checking,,,,No,Toh0215_kp0019_教誡拔嗟國優填王大乘經_simplified_bo.docx,
,,,教誡拔嗟國優填王大乘經,教誡拔嗟國優填王大乘經,,Toh0215,,1. 經部,佛世尊,,https://buddha.now/toh0214/,ZH,Toh0215_kp0019_教誡拔嗟國優填王大乘經_zh,I1DAFB95D - 教誡拔嗟國優填王大乘經,fodian.org,,Alignment Checking,,,,,,
,,,,,,,,,,,,註腳 with footnote,Toh0215_kp0019_教誡拔嗟國優填王大乘經_zh_with footnote,,,,Alignment Checking,,,,,,
,,,,,,,,,,,,簡,Toh0215_kp0019_教誡拔嗟國優填王大乘經_simplified_zh.docx,,Blocked,,Alignment Checking,,,,,,
,,,,,,,,,,,,,,,,,,,,,,,
Toh0283_kp,,,སྐུ་གསུམ་གྱི་མདོ།,འཕགས་པ་སྐུ་གསུམ་ཞེས་བྱ་བ་ཐེག་པ་ཆེན་པོའི་མདོ།,Mahayana Sutra of the Sacred Trikaya,Toh0283,WA0RK0283,1. 經部,སངས་རྒྱས་བཅོམ་ལྡན་འདས།,Buddha Bhagavan,https://library.bdrc.io/show/bdr:MW30532_0283,Bo,Toh0283_kp0025_聖三身大乘經_bo,ID9DEAF3D - སྐུ་གསུམ་གྱི་མདོ།,fodian.org,Toh0283_kp0025_聖三身大乘經,Alignment Checking,,,,No,Toh0283_kp0025_聖三身大乘經_simplified_bo.docx,
,,,聖三身大乘經,聖三身大乘經,,Toh0283,,1. 經部,佛世尊,,https://buddha.now/toh0283/,ZH,Toh0283_kp0025_聖三身大乘經_zh,ICCEE0D4B - 聖三身大乘經,fodian.org,,Alignment Checking,,,,,,
,,,,,,,,,,,,註腳 with footnote,Toh0283_kp0025_聖三身大乘經_zh_with footnote,,,,Alignment Checking,,,,,,
,,,,,,,,,,,,簡,Toh0283_kp0025_聖三身大乘經_simplified_zh.docx,,Blocked,,Alignment Checking,metadata incomplete,,,,,
,,,,,,,,,,,,,,,,,,,,,,,
Toh0198_kp0016,,,བྱམས་པ་འཇུག་པའི་མདོ།,འཕགས་པ་བྱམས་པ་འཇུག་པ་ཞེས་བྱ་བ་ཐེག་པ་ཆེན་པོའི་མདོ།,The Ārya Maitreya Initiates the Great Vehicle Sūtra,Toh0198,WA0RK0198,1. 經部,སངས་རྒྱས་བཅོམ་ལྡན་འདས།,Buddha Bhagavan,https://library.bdrc.io/show/bdr:MW22084_0198,Bo,Toh0198_kp0016_聖彌勒發趣大乘經_bo,I52DF7ECC - བྱམས་པ་འཇུག་པའི་མདོ།,Staging,Toh0198_kp0016_聖彌勒發趣大乘經,Alignment Checking,,,,,,
,,,聖彌勒發趣大乘經,聖彌勒發趣大乘經,,Toh0198,,1. 經部,佛世尊,,https://deerpark.app/kuma.today/toh0198a,ZH,Toh0198_kp0016_聖彌勒發趣大乘經_zh_ without footnote,I7F9DDF40 - 聖三身大乘經,Staging,,Alignment Checking,,footnotes in xml need to be formatted like other xml files,Line 19/20/29/199,,,
,,,,,,,,,,,,註腳 with footnote,Toh0198_kp0016_聖彌勒發趣大乘經_zh with footnote,,,,Alignment Checking,,,,,,
,,,,,,,,,,,,,,,,,,,,,,,
Toh0158_kp0013,,,ཚངས་པས་ཞུས་པའི་མདོ།,འཕགས་པ་ཚངས་པས་ཞུས་པ་ཞེས་བྱ་བ་ཐེག་པ་ཆེན་པོའི་མདོ།,The Sutra  Requested by the Noble Brahma on the Great Vehicle  Path,Toh0158,WA0RK0158,1. 經部,སངས་རྒྱས་བཅོམ་ལྡན་འདས།,Buddha Bhagavan,https://library.bdrc.io/show/bdr:MW22084_0158,Bo,Toh0158_kp0013_聖梵天所問大乘經_bo,I883F41B4 - ཚངས་པས་ཞུས་པའི་མདོ།,fodian.org,Toh0158_kp0013_聖梵天所問大乘經,Alignment Checking,,,,No,Toh0158_kp0013_聖梵天所問大乘經_simplified_bo.docx,
,,,聖梵天所問大乘經,聖梵天所問大乘經,,Toh0158,,1. 經部,佛世尊,,https://buddha.now/toh0158/,ZH,Toh0158_kp0013_聖梵天所問大乘經_zh_without footnote,I19A76A68 - 聖梵天所問大乘經,fodian.org,,Alignment Checking,,,,,,
,,,,,,,,,,,,註腳 with footnote,Toh0158_kp0013_聖梵天所問大乘經_zh_with footnote,,,,Alignment Checking,,,,,,
,,,,,,,,,,,,簡,Toh0158_kp0013_聖梵天所問大乘經_simplified_zh.docx,,Blocked,,Alignment Checking,metadata incomplete,,,,,
,,,,,,,,,,,,,,,,,,,,,,,
Toh0225_kp,,,གསུམ་ལ་སྐྱབས་སུ་འགྲོ་བའི་མདོ།,འཕགས་པ་གསུམ་ལ་སྐྱབས་སུ་འགྲོ་བ་ཞེས་བྱ་བ་ཐེག་པ་ཆེན་པོའི་མདོ།,The Mahayana Sutra on the Noble Three Refuges,Toh0225,WA0RK0225,1. 經部,སངས་རྒྱས་བཅོམ་ལྡན་འདས།,Buddha Bhagavan,https://library.bdrc.io/show/bdr:MW30532_0225,Bo,Toh0225_kp0021_聖三歸依大乘經_bo,I36AF290F - གསུམ་ལ་སྐྱབས་སུ་འགྲོ་བའི་མདོ།,fodian.org,Toh0225_kp0021_聖三歸依大乘經,Alignment Checking,,,,No,Toh0225_kp0021_聖三歸依大乘經_simplified_bo.docx,
,,,聖三歸依大乘經,聖三歸依大乘經,,Toh0225,,1. 經部,佛世尊,,https://buddha.now/toh0225-2/,ZH,Toh0225_kp0021_聖三歸依大乘經_zh_without footnote,I1984F8F9 - 聖三歸依大乘經,fodian.org,,Alignment Checking,,,Line 26,,,
,,,,,,,,,,,,註腳 with footnote,Toh0225_kp0021_聖三歸依大乘經_zh_with footnote,,,,Alignment Checking,,,,,,
,,,,,,,,,,,,簡,Toh0225_kp0021_聖三歸依大乘經_simplified_zh.docx,,Blocked,,Alignment Checking,metadata incomplete,,,,,
,,,,,,,,,,,,,,,,,,,,,,,
Toh1164_kp0031_,,,དེ་བཞིན་གཤེགས་པ་ལྔ་ལ་བསྟོད་པ།,དེ་བཞིན་གཤེགས་པ་ལྔ་ལ་བསྟོད་པ།,Praise to the Five Tathāgatas,Toh1164,"WA0RT0053
",14. 其他,མི་གསལ།,n/a,https://library.bdrc.io/show/bdr:MW23703_1164,Bo,Toh1164_kp0031_五如來讚_bo,ID322137C - དེ་བཞིན་གཤེགས་པ་ལྔ་ལ་བསྟོད་པ།,Staging,Toh1164_kp0031_五如來讚,Alignment Checking,,,,,,
,,,五如來讚,,,Toh1164,,14. 其他,佚名,,Kumarajiva,ZH,Toh1164_kp0031_五如來讚_zh_ without Footnote ,IAFAF440B - 五如來讚,Staging,,Alignment Checking,,,,,,
,,,,,,,,,,,,註腳 with footnote,Toh1164_kp0031_五如來讚_zh_ with Footnote ,,,,Alignment Checking,,,,,,
,,,,,,,,,,,,,,,,,,,,,,,
Toh1123_,,,སྐུ་གསུམ་ལ་བསྟོད་པ།,སྐུ་གསུམ་ལ་བསྟོད་པ་ཞེས་བྱ་བ།,Homage to the Three Kayas,Toh1123,WA0RT0015,14. 其他,མགོན་པོ་ཀླུ་སྒྲུབ།,Master Nagarjuna,https://library.bdrc.io/show/bdr:MW23703_1123,Bo,Toh1123_三身讚_bo,I6466C8C4 - སྐུ་གསུམ་ལ་བསྟོད་པ།,Staging,Toh1123_三身讚暨註釋之三身讚,Alignment Checking,,,,,,
,,,三身讚,三身讚,The Text Known as Homage to the Three Kayas,Toh1123,,14. 其他,龍樹菩薩,,https://buddha.now/toh1123-1124/,ZH,Toh1123_三身讚_zh_without footnote,IC77DF432 - 三身讚,Staging,,Alignment Checking,,,,,,
,,,,,,,,,,,,,,,,,,,,,,,
Toh1124,,,སྐུ་གསུམ་ལ་བསྟོད་པའི་རྣམ་པར་འགྲེལ་པ།,སྐུ་གསུམ་ལ་བསྟོད་པ་ཞེས་བྱ་བའི་རྣམ་པར་འགྲེལ་པ།,Commentary on the Praise of the Three Bodies,Toh1124,WA0RT0016,14. 其他,མགོན་པོ་ཀླུ་སྒྲུབ།,Shraddhākaravarma and Rinchen Zangpo,https://library.bdrc.io/show/bdr:MW23703_1124,Bo,Toh1124_三身讚註釋_bo,I2A369182 - སྐུ་གསུམ་ལ་བསྟོད་པའི་རྣམ་པར་འགྲེལ་པ།,Staging,Toh1124_三身讚暨註釋三身讚註釋,Alignment Checking,,,,,,
,,,三身讚註釋,三身讚註釋,,Toh1124,,14. 其他,龍樹菩薩,,https://buddha.now/toh1123-1124/,ZH,Toh1124_三身讚註釋_zh_without footnote,I75733F93 - 三身讚註釋,Staging,,Alignment Checking,,,,,,
,,,,,,,,,,,,註腳 with footnote,Toh1124_三身讚註釋_zh_with footnote.docx,,,,Alignment Checking,,,,,,
,,,,,,,,,,,,,,,,,,,,,,,
Toh4045_kp0040,,,བྱང་ཆུབ་སེམས་དཔའི་ཚུལ་ཁྲིམས་ཀྱི་ལེའུ་འགྲེལ་བ།,བྱང་ཆུབ་སེམས་དཔའི་ཚུལ་ཁྲིམས་ཀྱི་ལེའུ་འགྲེལ་བ་བཞུགས་སོ།,Explanation of the Bodhisattva Precepts,,WA0RT3384,4. 唯識,སློབ་དཔོན་ཡོན་ཏན་འོད།,Master of Merit and Light,https://library.bdrc.io/show/bdr:MW23703_4045,Bo,Toh4045_kp0040_菩薩戒品釋_bo,I75FBAAF7 - བྱང་ཆུབ་སེམས་དཔའི་ཚུལ་ཁྲིམས་ཀྱི་ལེའུ་འགྲེལ་བ།,Staging,Toh4045_kp0040_菩薩戒品釋,Alignment Checking,,,,,,
,,,菩薩戒品釋,菩薩戒品釋,,,,4. 唯識,功德光論師,,https://buddha.now/toh4045a/,ZH,Toh4045_kp0040_菩薩戒品釋_zh_without footnote,I398C5663 - 菩薩戒品釋,Staging,,Alignment Checking,,,,,,
,,,,,,,,,,,,註腳 with footnote,Toh4045_kp0040_菩薩戒品釋_zh_with footnote,,,,Alignment Checking,,,,,,
,,,,,,,,,,,,,,,,,,,,,,,
Toh3877_kp0034,,,སྤྱོད་འཇུག་ཤེས་རབ་ལེའུ་དང་བསྔོ་བའི་དཀའ་འགྲེལ།,བྱང་ཆུབ་སེམས་དཔའི་སྤྱོད་པ་ལ་འཇུག་པའི་ཤེས་རབ་ལེའུ་དང་བསྔོ་བའི་དཀའ་འགྲེལ་བཞུགས།,Commentary on the Difficult Points of the Wisdom and Dedication Chapters of the Bodhicharyavatara,Toh3877,WA0RT3222,3. 中觀,མི་གསལ།,n/a,https://library.bdrc.io/show/bdr:MW23703_3877,Bo,Toh3877_kp0034_入菩薩行智慧品和迴向品難語釋_bo,IED3E553A - སྤྱོད་འཇུག་ཤེས་རབ་ལེའུ་དང་བསྔོ་བའི་དཀའ་འགྲེལ།,Staging,Toh3877_kp0034_入菩薩行智慧品和迴向品難語釋,Alignment Checking,,,,,,
,,,入菩薩行智慧品和迴向品難語釋,入菩薩行智慧品和迴向品難語釋,,Toh3877,,3. 中觀,佚名,,https://buddha.now/toh3877/,ZH,Toh3877_kp0034_入菩薩行智慧品和迴向品難語釋_zh_without footnote,IEA897028 - 入菩薩行智慧品和迴向品難語釋,Staging,,Alignment Checking,,,,,,
,,,,,,,,,,,,註腳 with footnote,Toh3877_kp0034_入菩薩行智慧品和迴向品難語釋_zh_with footnote,,,,Alignment Checking,,,,,,
,,,,,,,,,,,,,,,,,,,,,,,
Toh3822_kp0032,,,ཤེར་ཕྱིན་སྙིང་པོའི་དོན་ཡོངས་སུ་ཤེས་པ།,ཤེས་རབ་ཀྱི་ཕ་རོལ་ཏུ་ཕྱིན་པའི་སྙིང་པོའི་དོན་ཡོངས་སུ་ཤེས་པ།,The meaning of the Heart Sutra of the Perfection of Wisdom that Knows All Thoroughly.,Toh3822,WA0RT3167,2.1 般若經與相關釋論,པཎྜི་ཏ་ཤྲཱི་མ་ཧཱ་ཛ་ན།,Venerable Scholar Śrī Mahājana,https://library.bdrc.io/show/bdr:MW23703_3822,Bo,Toh3822_kp0032_遍知般若波羅蜜多心經之義_bo,I9DE7CF65 - ཤེར་ཕྱིན་སྙིང་པོའི་དོན་ཡོངས་སུ་ཤེས་པ།,Staging,Toh3822_kp0032_遍知般若波羅蜜多心經之義,Alignment Checking,,,,,,
,,,遍知般若波羅蜜多心經之義,遍知般若波羅蜜多心經之義,,Toh3822,,2.1 般若經與相關釋論,印度論師吉祥大眾,,https://buddha.now/toh3822/,ZH,Toh3822_kp0032_遍知般若波羅蜜多心經之義_zh_without footnote,IBB1D10C1 - 遍知般若波羅蜜多心經之義,Staging,,Alignment Checking,,,Line 30/292. // Line 417 can be deleted,,,
,,,,,,,,,,,,註腳 with footnote,Toh3822_kp0032_遍知般若波羅蜜多心經之義_zh_with footnote,,,,Alignment Checking,,,,,,
,,,,,,,,,,,,,,,,,,,,,,,
Toh3877_kp0034_,,,བཞི་བརྒྱ་པའི་རབ་བྱེད་བཅུ་གསུམ་པའི་འགྲེལ་བ།,བྱང་ཆུབ་སེམས་དཔའི་རྣལ་འབྱོར་སྤྱོད་པ་བཞི་བརྒྱ་པ་ལས། དབང་པོ་དང་དོན་དགག་པ་བསྒོམ་པ་བསྟན་པ་ཞེས་བྱ་བ་སྟེ། རབ་ཏུ་བྱེད་པ་བཅུ་གསུམ་པའི་འགྲེལ་བ།,Extensive Commentary on the Four Hundred Verses on the Yogic Practice of Bodhisattvas.,Toh3877,,3. 中觀,སློབ་དཔོན་འཕགས་པ་ལྷ།,Venerable Master Āryadeva,n/a,Bo,,,Blocked,,Alignment Checking,,,,,,
,,,菩薩瑜伽行四百論之廣釋,菩薩瑜伽行四百論之廣釋,,Toh3877,,3. 中觀,聖天論師,,https://buddha.now/toh3865/,ZH,,,Blocked,,Alignment Checking,footnotes to clean up,,Line 68 etc. I'm working on this file,,,
,,,,,,,,,,,,簡,,,Blocked,,Alignment Checking,,,,,,
,,,,,,,,,,,,,,,,,,,,,,,
toh4090-tai1558 ,,,ཆོས་མངོན་པའི་མཛོད་ཀྱི་བཤད་པ།,ཆོས་མངོན་པའི་མཛོད་ཀྱི་བཤད་པ།,Treasury of Abhidharma,toh4090,WA0RT3428,14. 其他,སློབ་དཔོན་དབྱིག་གཉེན།,Venerable Master Vasubandhu,https://library.bdrc.io/show/bdr:MW23703_4090,Bo,,,Blocked,,Alignment Checking,,,,,,
,,,《俱舍論》,《俱舍論》,,toh4090,,14. 其他,世親論師,,n/a,ZH,,,Blocked,,Alignment Checking,,,,,,
,,,,,,,,,,,,,,,,,,,,,,,
,,宛真,Kumarajiva Kangyur Translations 新譯佛典藏漢對讀(宛真),,,,,,,,,,,,,,Alignment Checking,,,,,,
Toh0026,,,ཤེར་ཕྱིན་ཉི་མའི་སྙིང་པོ།,འཕགས་པ་ཤེས་རབ་ཀྱི་ཕ་རོལ་ཏུ་ཕྱིན་པ་ཉི་མའི་སྙིང་པོ་ཐེག་པ་ཆེན་པོའི་མདོ།,The Sūryagarbha Perfection of Wisdom,Toh0026,WA0RK0026,2.1 般若經與相關釋論,སངས་རྒྱས་བཅོམ་ལྡན་འདས།,Buddha Bhagavan,བཀའ་འགྱུར།,Bo,Toh0026《聖般若波羅蜜多日藏大乘經》v.1_bo,IDE810217 - ཤེར་ཕྱིན་ཉི་མའི་སྙིང་པོ།,Staging,https://docs.google.com/spreadsheets/d/1Si6yrkM6xwcY9-wHM9JAHY5INIwWUrPG/edit?gid=1418698089#gid=1418698089,Alignment Checking,,,,,,
,,,日藏經,聖般若波羅蜜多日藏大乘經,,Toh0026,,2.1 般若經與相關釋論,佛世尊,,https://buddha.now/toh0026/,ZH,Toh0026《聖般若波羅蜜多日藏大乘經》v.1_zh_without footnote,IAA17CC6B - 日藏經,Staging,,Alignment Checking,,,,,,
,,,,,,,,,,,,,,,,,,,,,,,
Toh0027,,,ཤེར་ཕྱིན་ཟླ་བའི་སྙིང་པོ།,འཕགས་པ་ཟླ་བའི་སྙིང་པོ་ཤེས་རབ་ཀྱི་ཕ་རོལ་ཏུ་ཕྱིན་པ་ཐེག་པ་ཆེན་པོའི་མདོ།,The Candragarbha Perfection of Wisdom,Toh0027,WA0RK0027,2.1 般若經與相關釋論,སངས་རྒྱས་བཅོམ་ལྡན་འདས།,Buddha Bhagavan,བཀའ་འགྱུར།,Bo,Toh0027《聖般若波羅蜜多月藏大乘經》v.1_bo,IA466FCE0 - ཤེར་ཕྱིན་ཟླ་བའི་སྙིང་པོ།,Staging,https://docs.google.com/spreadsheets/d/16p82HssWy4DiBsL0GYo2XCpZ4F5bMkhx/edit?gid=2037097892#gid=2037097892,Alignment Checking,,,,,,
,,,月藏經,聖般若波羅蜜多月藏大乘經,,Toh0027,,2.1 般若經與相關釋論,佛世尊,,https://buddha.now/toh0027-2/,ZH,Toh0027《聖般若波羅蜜多月藏大乘經》v.1_zh,I2582A0D9 - 月藏經,Staging,,Alignment Checking,,,,,,
,,,,,,,,,,,,,,,,,,,,,,,
Toh0028,,,ཤེར་ཕྱིན་ཀུན་ཏུ་བཟང་པོ།,འཕགས་པ་ཤེས་རབ་ཀྱི་ཕ་རོལ་ཏུ་ཕྱིན་པ་ཀུན་ཏུ་བཟང་པོ་ཐེག་པ་ཆེན་པོའི་མདོ།,The Samantabhadra Perfection of Wisdom,Toh0028,WA0RK0028,2.1 般若經與相關釋論,སངས་རྒྱས་བཅོམ་ལྡན་འདས།,Buddha Bhagavan,བཀའ་འགྱུར།,Bo,Toh0028《聖般若波羅蜜多普賢大乘經》v.1_bo,IAEA5A9EA - ཤེར་ཕྱིན་ཀུན་ཏུ་བཟང་པོ།,Staging,https://docs.google.com/spreadsheets/d/14Visz4HEkNXqg0l7Nx9I82_ykjxhg8uf/edit?gid=605249687#gid=605249687,Alignment Checking,,,,,,
,,,普賢大乘經,聖般若波羅蜜多普賢大乘經,,Toh0028,,2.1 般若經與相關釋論,佛世尊,,https://buddha.now/toh0028/,ZH,Toh0028《聖般若波羅蜜多普賢大乘經》v.1_zh,I050A047B - 普賢大乘經,Staging,,Alignment Checking,,,,,,
,,,,,,,,,,,,,,,,,,,,,,,
Toh0029,,,ཤེས་ཕྱིན་ལག་ན་རྡོ་རྗེའི་མདོ་ཐེག་པ་ཆེན་པོ།,འཕགས་པ་ཤེས་རབ་ཀྱི་ཕ་རོལ་ཏུ་ཕྱིན་པ་ལག་ན་རྡོ་རྗེའི་མདོ་ཐེག་པ་ཆེན་པོ།,The  Vajrapāṇi Perfection of Wisdom Sutra,Toh0029,WA0RK0029,2.1 般若經與相關釋論,སངས་རྒྱས་བཅོམ་ལྡན་འདས།,Buddha Bhagavan,བཀའ་འགྱུར།,Bo,Toh0029《聖般若波羅蜜多金剛手大乘經》v.1_bo,I8C894EB0 - ཤེས་ཕྱིན་ལག་ན་རྡོ་རྗེའི་མདོ་ཐེག་པ་ཆེན་པོ།,Staging,https://docs.google.com/spreadsheets/d/1nJ6OL91IoBcucf4JyekqxMmAJ5wBiSYf/edit?gid=1126208162#gid=1126208162,Alignment Checking,,,,,,
,,,金剛手大乘經,聖般若波羅蜜多金剛手大乘經,,Toh0029,,2.1 般若經與相關釋論,佛世尊,,https://buddha.now/toh0029/,ZH,Toh0029《聖般若波羅蜜多金剛手大乘經》v.1_zh,I8704B66A - 金剛手大乘經,Staging,,Alignment Checking,,,,,,
,,,,,,,,,,,,,,,,,,,,,,,
Toh0030,,,ཤེས་ཕྱིན་རྡོ་རྗེ་རྒྱལ་མཚན་གྱི་མདོ་ཐེག་པ་ཆེན་པོ,འཕགས་པ་ཤེས་རབ་ཀྱི་ཕ་རོལ་ཏུ་ཕྱིན་པ་རྡོ་རྗེ་རྒྱལ་མཚན་གྱི་མདོ་ཐེག་པ་ཆེན་པོ,The  Vajra Banner Great Vehicle Perfection of Wisdom Sutra,Toh0030,WA0RK0030,2.1 般若經與相關釋論,སངས་རྒྱས་བཅོམ་ལྡན་འདས།,Buddha Bhagavan,བཀའ་འགྱུར།,Bo,Toh0030《聖般若波羅蜜多金剛幢大乘經》v.1_bo,I0DDFF75B - ཤེས་ཕྱིན་རྡོ་རྗེ་རྒྱལ་མཚན་གྱི་མདོ་ཐེག་པ་ཆེན་པོ,Staging,https://docs.google.com/spreadsheets/d/1GHC2GRtyx4Oo9uqfz2NWmkwaZyQbbsZi/edit?gid=791846507#gid=791846507,Alignment Checking,,,,,,
,,,金剛幢大乘經,聖般若波羅蜜多金剛幢大乘經,,Toh0030,,2.1 般若經與相關釋論,佛世尊,,https://buddha.now/toh0030/,ZH,Toh0030《聖般若波羅蜜多金剛幢大乘經》v.1_zh,IA0B03B49 - 金剛幢大乘經,Staging,,Alignment Checking,,,,,,
,,,,,,,,,,,,,,,,,,,,,,,
Toh0037,,,བསླབ་པ་ལྔའི་ཕན་ཡོན་གྱི་མདོ།,བསླབ་པ་ལྔའི་ཕན་ཡོན་གྱི་མདོ།,The Sutra on the Merits of the Five Precepts,Toh0037,WA0RK0037,2.1 般若經與相關釋論,སངས་རྒྱས་བཅོམ་ལྡན་འདས།,Buddha Bhagavan,བཀའ་འགྱུར།,Bo,Toh0037《五戒功德經》v.1_bo,IAC1C75CF - བསླབ་པ་ལྔའི་ཕན་ཡོན་གྱི་མདོ།,Staging,https://docs.google.com/spreadsheets/d/1xP9tYZ87YmIdRI4YaMHyud8x3hZUc0p8/edit?gid=628580148#gid=628580148,Alignment Checking,,,,,,
,,,五戒功德經,五戒功德經,,Toh0037,,2.1 般若經與相關釋論,佛世尊,,https://buddha.now/toh0037/,ZH,Toh0037《五戒功德經》v.1_zh,I44441487 - 五戒功德經,Staging,,Alignment Checking,,,,,,
,,,,,,,,,,,,,,,,,,,,,,,
Toh0040,,,འོད་སྲུང་ཆེན་པོའི་མདོ།,འོད་སྲུང་ཆེན་པོའི་མདོ།,The Sutra of Mahakashyapa,Toh0040,WA0RK0040,2.1 般若經與相關釋論,སངས་རྒྱས་བཅོམ་ལྡན་འདས།,Buddha Bhagavan,བཀའ་འགྱུར།,Bo,Toh0040《大迦葉經》v.1_bo,IEC1AA269 - འོད་སྲུང་ཆེན་པོའི་མདོ།,Staging,https://docs.google.com/spreadsheets/d/1JMmuMVQO_wf3mAN2fOiT9CkT9Oo9Ovro/edit?gid=2006100495#gid=2006100495,Alignment Checking,,,,,,
,,,大迦葉經,大迦葉經,,Toh0040,,2.1 般若經與相關釋論,佛世尊,,https://buddha.now/toh0040/,ZH,Toh0040《大迦葉經》v.1_zh,I90F90A99 - 大迦葉經,Staging,,Alignment Checking,,,,,,
,,,,,,,,,,,,,,,,,,,,,,,
Toh0137,,,འཕགས་པ་ཏིང་ངེ་འཛིན་མཆོག་དམ་པ།,འཕགས་པ་ཏིང་ངེ་འཛིན་མཆོག་དམ་པ།,The Holy Sutra of the Supreme and Wondrous Samadhi,Toh0137,WA0RK0137,1. 經部,སངས་རྒྱས་བཅོམ་ལྡན་འདས།,Buddha Bhagavan,བཀའ་འགྱུར།,Bo,Toh0137《聖三昧最上妙經》v.1_bo,I8CC5A945 - འཕགས་པ་ཏིང་ངེ་འཛིན་མཆོག་དམ་པ།,fodian.org,https://docs.google.com/spreadsheets/d/1ned8v7r3KoJbGGhjJ8P42EoDl8vbiQJ0/edit?gid=195242869#gid=195242869,Alignment Checking,,,,,,
,,,聖三昧最上妙經,聖三昧最上妙經,,Toh0137,,1. 經部,佛世尊,,https://buddha.now/toh0137/,ZH,Toh0137《聖三昧最上妙經》v.1_zh,I91435FE4 - 聖三昧最上妙經,fodian.org,,Alignment Checking,,,,,,
,,,,,,,,,,,,,,,,,,,,,,,
Toh0150,,,འཕགས་པ་སྤྱན་རས་གཟིགས་དབང་ཕྱུག་གིས་ཞུས་པ་ཆོས་བདུན་པ་ཞེས་བྱ་བ་ཐེག་པ་ཆེན་པོའི་མདོ།,འཕགས་པ་སྤྱན་རས་གཟིགས་དབང་ཕྱུག་གིས་ཞུས་པ་ཆོས་བདུན་པ་ཞེས་བྱ་བ་ཐེག་པ་ཆེན་པོའི་མདོ།,The Noble Mahayana Sutra of the Seven Dharmas Requested by the Holy Avalokiteshvara,Toh0150,WA0RK0150,1. 經部,སངས་རྒྱས་བཅོམ་ལྡན་འདས།,Buddha Bhagavan,བཀའ་འགྱུར།,Bo,Toh0150《聖觀自在菩薩所問七法大乘經》v.1_bo,I9C68318D - འཕགས་པ་སྤྱན་རས་གཟིགས་དབང་ཕྱུག་གིས་ཞུས་པ་ཆོས་བདུན་པ་ཞེས་བྱ་བ་ཐེག་པ་ཆེན་པོའི་མདོ།,fodian.org,https://docs.google.com/spreadsheets/d/1Sz5Mt0tre4XwCLHyvl8rb-FXp_uUy3nu/edit?gid=271710980#gid=271710980,Alignment Checking,,,,,,
,,,聖觀自在菩薩所問七法大乘經,聖觀自在菩薩所問七法大乘經,,Toh0150,,1. 經部,佛世尊,,https://buddha.now/toh0150/,ZH,Toh0150《聖觀自在菩薩所問七法大乘經》v.1_zh,I23A14BBB - 聖觀自在菩薩所問七法大乘經,fodian.org,,Alignment Checking,,,,,,
,,,,,,,,,,,,,,,,,,,,,,,
Toh0212,,,འཕགས་པ་རྟེན་ཅིང་འབྲེལ་པར་འབྱུང་བ་ཞེས་བྱ་བ་ཐེག་པ་ཆེན་པོའི་མདོ།,འཕགས་པ་རྟེན་ཅིང་འབྲེལ་པར་འབྱུང་བ་ཞེས་བྱ་བ་ཐེག་པ་ཆེན་པོའི་མདོ།,The Noble Mahayana Sutra of Dependent Origination,Toh0212,WA0RK0212,1. 經部,སངས་རྒྱས་བཅོམ་ལྡན་འདས།,Buddha Bhagavan,བཀའ་འགྱུར།,Bo,Toh0212《聖緣起大乘經》v.1_bo,I0EBBFCF3 - འཕགས་པ་རྟེན་ཅིང་འབྲེལ་པར་འབྱུང་བ་ཞེས་བྱ་བ་ཐེག་པ་ཆེན་པོའི་མདོ།,fodian.org,https://docs.google.com/spreadsheets/d/1hzzbLDBzXlbYx-r4ofie6OhcTVXSk_M8/edit?gid=818990801#gid=818990801,Alignment Checking,,,,,,
,,,聖緣起大乘經,聖緣起大乘經,,Toh0212,,1. 經部,佛世尊,,https://buddha.now/toh0212/,ZH,Toh0212《聖緣起大乘經》v.1_zh,I1DCBAFCA - 聖緣起大乘經,fodian.org,,Alignment Checking,,,,,,
,,,,,,,,,,,,,,,,,,,,,,,
Toh0224,,,འཕགས་པ་ལྷག་པའི་བསམ་པ་བརྟན་པའི་ལེའུ་ཞེས་བྱ་བ་ཐེག་པ་ཆེན་པོའི་མདོ།,འཕགས་པ་ལྷག་པའི་བསམ་པ་བརྟན་པའི་ལེའུ་ཞེས་བྱ་བ་ཐེག་པ་ཆེན་པོའི་མདོ།,The Noble Mahayana Sutra on the Chapter of Firm Superior Aspiration,Toh0224,WA0RK0224,1. 經部,སངས་རྒྱས་བཅོམ་ལྡན་འདས།,Buddha Bhagavan,བཀའ་འགྱུར།,Bo,Toh0224《聖堅勝意樂品大乘經》v.1＿bo,IFA8AC23A - འཕགས་པ་ལྷག་པའི་བསམ་པ་བརྟན་པའི་ལེའུ་ཞེས་བྱ་བ་ཐེག་པ་ཆེན་པོའི་མདོ།,fodian.org,https://docs.google.com/spreadsheets/d/1joGEPZcbe6Mo6JyTnJBywDwr6rTxuZ5X/edit?gid=6527252#gid=6527252,Alignment Checking,,,,,,
,,,聖堅勝意樂品大乘經,聖堅勝意樂品大乘經,,Toh0224,,1. 經部,佛世尊,,https://buddha.now/toh0224/,ZH,Toh0224《聖堅勝意樂品大乘經》v.1＿zh,IB4BC59FE - 聖堅勝意樂品大乘經,fodian.org,,Alignment Checking,,,,,,
,,,,,,,,,,,,,,,,,,,,,,,
Toh0249,,,འཕགས་པ་ཆོས་བཞི་བསྟན་པ་ཞེས་བྱ་བ་ཐེག་པ་ཆེན་པོའི་མདོ།,འཕགས་པ་ཆོས་བཞི་བསྟན་པ་ཞེས་བྱ་བ་ཐེག་པ་ཆེན་པོའི་མདོ།,The Sūtra of the Teaching of the Four Dharmas,Toh0249,WA0RK0249,1. 經部,སངས་རྒྱས་བཅོམ་ལྡན་འདས།,Buddha Bhagavan,བཀའ་འགྱུར།,Bo,Toh0249《聖說四法大乘經》v.1_bo,IF8D8A889 - འཕགས་པ་ཆོས་བཞི་བསྟན་པ་ཞེས་བྱ་བ་ཐེག་པ་ཆེན་པོའི་མདོ།,fodian.org,https://docs.google.com/spreadsheets/d/10ojgSjiTz8VyE9Znodlq3wbkjRPIddsz/edit?gid=1228275256#gid=1228275256,Alignment Checking,,,,,,
,,,聖說四法大乘經,聖說四法大乘經,,Toh0249,,1. 經部,佛世尊,,https://buddha.now/toh0249/,ZH,Toh0249《聖說四法大乘經》v.1_zh,IB8B1586F - 聖說四法大乘經,fodian.org,,Alignment Checking,,,,,,
,,,,,,,,,,,,,,,,,,,,,,,
Toh0282,,,བསླབ་པ་གསུམ་གྱི་མདོ་ཞེས་བྱ་བ།,བསླབ་པ་གསུམ་གྱི་མདོ་ཞེས་བྱ་བ།,Sutra on the Threefold Training,Toh0282,WA0RK0282,1. 經部,སངས་རྒྱས་བཅོམ་ལྡན་འདས།,Buddha Bhagavan,བཀའ་འགྱུར།,Bo,Toh0282《三學經》v.1＿bo,I440EA6F2 - བསླབ་པ་གསུམ་གྱི་མདོ་ཞེས་བྱ་བ།,fodian.org,https://docs.google.com/spreadsheets/d/1UIRrl371LRe1LehFueUqu3tNUZ_dlLBE/edit?gid=1563549580#gid=1563549580,Alignment Checking,,,,,,
,,,三學經,三學經,,Toh0282,,1. 經部,佛世尊,,https://buddha.now/toh0282/,ZH,Toh0282《三學經》v.1_zh,IEB4DD685 - 三學經,fodian.org,,Alignment Checking,,,,,,
,,,,,,,,,,,,,,,,,,,,,,,
Toh0312,,,འཕགས་པ་ཡངས་པའི་གྲོང་ཁྱེར་དུ་འཇུག་པའི་མདོ་ཆེན་པོ།,འཕགས་པ་ཡངས་པའི་གྲོང་ཁྱེར་དུ་འཇུག་པའི་མདོ་ཆེན་པོ།,The Noble Mahayana Sutra on the Sacred Entry into Vaiśālī,Toh0312,WA0RK0312,1. 經部,སངས་རྒྱས་བཅོམ་ལྡན་འདས།,Buddha Bhagavan,བཀའ་འགྱུར།,Bo,Toh0312《聖入毘舍離城大經》v.1_bo,ID434BA38 - འཕགས་པ་ཡངས་པའི་གྲོང་ཁྱེར་དུ་འཇུག་པའི་མདོ་ཆེན་པོ།,fodian.org,https://docs.google.com/spreadsheets/d/1bMRqdzl_sA74aoLeV6r2QeZlxp_DlK6i/edit?gid=698038149#gid=698038149,Alignment Checking,,,,,,
,,,聖入毘舍離城大經,聖入毘舍離城大經,,Toh0312,,1. 經部,佛世尊,,https://buddha.now/toh0312/,ZH,Toh0312《聖入毘舍離城大經》v.1_zh,I1949AA19 - 聖入毘舍離城大經,fodian.org,,Alignment Checking,,,,,,
,,,,,,,,,,,,,,,,,,,,,,,
Toh0328,,,དགའ་བོ་རབ་ཏུ་བྱུང་བའི་མདོ།,དགའ་བོ་རབ་ཏུ་བྱུང་བའི་མདོ།,The Sūtra of Nanda’s Going Forth,Toh0328,WA0RK0328,1. 經部,སངས་རྒྱས་བཅོམ་ལྡན་འདས།,Buddha Bhagavan,བཀའ་འགྱུར།,Bo,Toh0328《難陀出家經》v.1_bo,IB7350B76 - དགའ་བོ་རབ་ཏུ་བྱུང་བའི་མདོ།,fodian.org,https://docs.google.com/spreadsheets/d/1qIUO1Ivm0pamusYmE-st1gE3p7a5TsEd/edit?gid=701347073#gid=701347073,Alignment Checking,,,,,,
,,,難陀出家經,難陀出家經,,Toh0328,,1. 經部,佛世尊,,https://buddha.now/toh0328/,ZH,Toh0328《難陀出家經》v.1_zh,I25CC3DDE - 難陀出家經,fodian.org,,Alignment Checking,,,,,,
,,,,,,,,,,,,,,,,,,,,,,,
Toh0346,,,མ་ག་དྷ་བཟང་མོའི་རྟོགས་པ་བརྗོད་པ།,མ་ག་དྷ་བཟང་མོའི་རྟོགས་པ་བརྗོད་པ།,Sutra of the Virtuous Woman of Magadha,Toh0346,WA0RK0346,1. 經部,སངས་རྒྱས་བཅོམ་ལྡན་འདས།,Buddha Bhagavan,བཀའ་འགྱུར།,Bo,Toh0346《摩竭陀賢女經》v.1_bo,ICDA9CB2D - མ་ག་དྷ་བཟང་མོའི་རྟོགས་པ་བརྗོད་པ།,fodian.org,https://docs.google.com/spreadsheets/d/1jIjuJaz0keVhgJOY0lec_4Ky6L6Szo-W/edit?gid=1689007129#gid=1689007129,Alignment Checking,,,,,,
,,,摩竭陀賢女經,摩竭陀賢女經,,Toh0346,,1. 經部,佛世尊,,https://buddha.now/toh0346/,ZH,Toh0346《摩竭陀賢女經》v.1_zh,IF9DBF9DD - 摩竭陀賢女經,fodian.org,,Alignment Checking,,,,,,
,,,,,,,,,,,,,,,,,,,,,,,
,,正持法師 ,正持法師- For Kumarajiva,,,,,,,,,,,,,,,,,,,,
Toh0021,,宛真,བཅོམ་ལྡན་འདས་མ་ཤེས་རབ་ཀྱི་ཕ་རོལ་ཏུ་ཕྱིན་པའི་སྙིང་པོ། ,བཅོམ་ལྡན་འདས་མ་ཤེས་རབ་ཀྱི་ཕ་རོལ་ཏུ་ཕྱིན་པའི་སྙིང་པོ། ,"The Heart of the Perfection of Wisdom, the Blessed Mother",Toh0021,WA0RK0529,2.1 般若經與相關釋論,སངས་རྒྱས་བཅོམ་ལྡན་འདས།,,བཀའ་འགྱུར།,Bo,M29C34F4A ཤེས་རབ་སྙིང་པོ།  Tibetan- Sanskrit,,Staging,,Alignment Checking,,,,,,
,,,般若波羅密多心經,薄伽梵母般若波羅蜜多心經,,Toh0021,,2.1 般若經與相關釋論,佛世尊,,CBETA,ZH Traditional,般若波羅蜜多心經－Zh-Traditional Chinese align for Fodenn,,Staging,,Alignment Checking,,,,,,
,,,般若波羅密多心經,薄伽梵母般若波羅蜜多心經,,Toh0021,,2.1 般若經與相關釋論,佛世尊,,CBETA,ZH Modern,般若波羅蜜多心經 - zh－Modern Chinese-align for Fodenn,,Staging,,Alignment Checking,,,,,,
Toh0115,,宛真,བདེ་བ་ཅན་གྱི་བཀོད་པ།,འཕགས་པ་བདེ་བ་ཅན་གྱི་བཀོད་པ་ཞེས་བྱ་བ་ཐེག་པ་ཆེན་པོའི་མདོ།,The Display of the Pure Land of Sukhāvatī,Toh0115,WA1NLM2298,1. 經部,སངས་རྒྱས་བཅོམ་ལྡན་འདས།,,བཀའ་འགྱུར།,Bo,佛說阿彌陀經 - bo,IFF933631 - བདེ་བ་ཅན་གྱི་བཀོད་པ།,Staging,,Alignment Checking,,,,,,
,,,佛說阿彌陀經,聖極樂世界莊嚴大乘經,,Toh0115,,1. 經部,佛世尊,,CBETA,ZH Modern,佛說阿彌陀經 - zh - Modern Chinese,I8F4F92BC - 佛說阿彌陀經,Staging,,Alignment Checking,,,,,,
,,,,,,,,,,,,Zh,,,,,Alignment Checking,,,,,,
,,,,,,,,1. 經部,,,,Bo,,,Alignment Checking,,Alignment Checking,,,,,,
,,,佛說八大人覺經,,,,,1. 經部,,,,ZH Modern,,,Alignment Checking,,Alignment Checking,,,,,,
,,,,,,,,1. 經部,,,,Bo,,,Alignment Checking,,Alignment Checking,,,,,,
,,,四十二章經,,,,,1. 經部,,,,ZH Modern,,,Alignment Checking,,Alignment Checking,,,,,,
,,,,,,,,,,,,Bo,,,Alignment Checking,,Alignment Checking,,,,,,
,,,佛垂般涅槃略說教誡經,,,,,,,,,ZH Modern,,,Alignment Checking,,Alignment Checking,,,,,,
,,,རྡོ་རྗེ་གཅོད་པ་ཞེས་བྱ་བ་བཞུགས་སོ། །,འཕགས་པ་ཤེས་རབ་ཀྱི་ཕ་རོལ་ཏུ་ཕྱིན་པ་རྡོ་རྗེ་གཅོད་པ་ཞེས་བྱ་བ་བཞུགས་སོ། །,The Sutra of the Great Vehicle Called the Diamond Cutter,Toh 16,WA0RK0016,2.1 般若經與相關釋論,སངས་རྒྱས་བཅོམ་ལྡན་འདས།,Buddha Bhagavan,བཀའ་འགྱུར།,Bo,M42AE7A72  རྡོ་རྗེ་གཅོད་པ་རྩ་བ།  Tsadel,,Staging,,Alignment Checking,,,,,,
,,,金剛經,金剛般若波羅密多經,,Toh 16,,2.1 般若經與相關釋論,佛世尊,,CBETA,ZH Traditional,金剛般若波羅蜜經-zh-Traditional  Chinese -align for Foden,,Staging,,Alignment Checking,,,,,,
,,,金剛經,金剛般若波羅密多經,,Toh 16,,2.1 般若經與相關釋論,佛世尊,,CBETA,ZH Modern,金剛般若波羅蜜經-zh-Modern chinese,,Staging,,Alignment Checking,,,,,,